[2026-06-29 02:55:43] local.ERROR: SQLSTATE[42S22]: Column not found: 1054 Unknown column 'image' in 'field list' (Connection: mysql, SQL: insert into `products` (`name`, `category_id`, `price`, `qty`, `description`, `image`, `image2`, `image3`, `image4`, `updated_at`, `created_at`) values (Kaitlin Dennis, 2, 929, 886, Inventore enim id co, products/rIRutJqlrkyyiV7Ir8jF5uDt0fq72Foi8Pg5QIkP.jpg, products/fbWpwll9oamr33FpbarfRqqz15lhUIR0fWe24io2.jpg, products/UJbu8wUmXfT0FbS4xdHMEg3yERyAsityD3fc0YLv.jpg, products/0TscAgvoruN32O6EVUmJa5NWA6zoJjrvPyoYuB4Q.jpg, 2026-06-29 02:55:43, 2026-06-29 02:55:43)) {"userId":1,"exception":"[object] (Illuminate\\Database\\QueryException(code: 42S22): SQLSTATE[42S22]: Column not found: 1054 Unknown column 'image' in 'field list' (Connection: mysql, SQL: insert into `products` (`name`, `category_id`, `price`, `qty`, `description`, `image`, `image2`, `image3`, `image4`, `updated_at`, `created_at`) values (Kaitlin Dennis, 2, 929, 886, Inventore enim id co, products/rIRutJqlrkyyiV7Ir8jF5uDt0fq72Foi8Pg5QIkP.jpg, products/fbWpwll9oamr33FpbarfRqqz15lhUIR0fWe24io2.jpg, products/UJbu8wUmXfT0FbS4xdHMEg3yERyAsityD3fc0YLv.jpg, products/0TscAgvoruN32O6EVUmJa5NWA6zoJjrvPyoYuB4Q.jpg, 2026-06-29 02:55:43, 2026-06-29 02:55:43)) at D:/wamp64/www/migrate/crude/vendor/laravel/framework/src/Illuminate/Database/Connection.php:829)
[stacktrace]
#0 D:/wamp64/www/migrate/crude/vendor/laravel/framework/src/Illuminate/Database/Connection.php(783): Illuminate/Database/Connection->runQueryCallback('insert into `pr...', Array, Object(Closure))
#1 D:/wamp64/www/migrate/crude/vendor/laravel/framework/src/Illuminate/Database/MySqlConnection.php(34): Illuminate/Database/Connection->run('insert into `pr...', Array, Object(Closure))
#2 D:/wamp64/www/migrate/crude/vendor/laravel/framework/src/Illuminate/Database/Query/Processors/MySqlProcessor.php(35): Illuminate/Database/MySqlConnection->insert('insert into `pr...', Array, 'id')
#3 D:/wamp64/www/migrate/crude/vendor/laravel/framework/src/Illuminate/Database/Query/Builder.php(3549): Illuminate/Database/Query/Processors/MySqlProcessor->processInsertGetId(Object(Illuminate/Database/Query/Builder), 'insert into `pr...', Array, 'id')
#4 D:/wamp64/www/migrate/crude/vendor/laravel/framework/src/Illuminate/Database/Eloquent/Builder.php(1982): Illuminate/Database/Query/Builder->insertGetId(Array, 'id')
#5 D:/wamp64/www/migrate/crude/vendor/laravel/framework/src/Illuminate/Database/Eloquent/Model.php(1334): Illuminate/Database/Eloquent/Builder->__call('insertGetId', Array)
#6 D:/wamp64/www/migrate/crude/vendor/laravel/framework/src/Illuminate/Database/Eloquent/Model.php(1299): Illuminate/Database/Eloquent/Model->insertAndSetId(Object(Illuminate/Database/Eloquent/Builder), Array)
#7 D:/wamp64/www/migrate/crude/vendor/laravel/framework/src/Illuminate/Database/Eloquent/Model.php(1138): Illuminate/Database/Eloquent/Model->performInsert(Object(Illuminate/Database/Eloquent/Builder))
#8 D:/wamp64/www/migrate/crude/vendor/laravel/framework/src/Illuminate/Database/Eloquent/Builder.php(1025): Illuminate/Database/Eloquent/Model->save()
#9 D:/wamp64/www/migrate/crude/vendor/laravel/framework/src/Illuminate/Support/helpers.php(320): Illuminate/Database/Eloquent/Builder->{closure:Illuminate/Database/Eloquent/Builder::create():1024}(Object(App/Models/Product))
#10 D:/wamp64/www/migrate/crude/vendor/laravel/framework/src/Illuminate/Database/Eloquent/Builder.php(1024): tap(Object(App/Models/Product), Object(Closure))
#11 D:/wamp64/www/migrate/crude/vendor/laravel/framework/src/Illuminate/Support/Traits/ForwardsCalls.php(23): Illuminate/Database/Eloquent/Builder->create(Array)
#12 D:/wamp64/www/migrate/crude/vendor/laravel/framework/src/Illuminate/Database/Eloquent/Model.php(2335): Illuminate/Database/Eloquent/Model->forwardCallTo(Object(Illuminate/Database/Eloquent/Builder), 'create', Array)
#13 D:/wamp64/www/migrate/crude/vendor/laravel/framework/src/Illuminate/Database/Eloquent/Model.php(2347): Illuminate/Database/Eloquent/Model->__call('create', Array)
#14 D:/wamp64/www/migrate/crude/app/Http/Controllers/ProductController.php(75): Illuminate/Database/Eloquent/Model::__callStatic('create', Array)
#15 D:/wamp64/www/migrate/crude/vendor/laravel/framework/src/Illuminate/Routing/Controller.php(54): App/Http/Controllers/ProductController->store(Object(Illuminate/Http/Request))
#16 D:/wamp64/www/migrate/crude/vendor/laravel/framework/src/Illuminate/Routing/ControllerDispatcher.php(43): Illuminate/Routing/Controller->callAction('store', Array)
#17 D:/wamp64/www/migrate/crude/vendor/laravel/framework/src/Illuminate/Routing/Route.php(259): Illuminate/Routing/ControllerDispatcher->dispatch(Object(Illuminate/Routing/Route), Object(App/Http/Controllers/ProductController), 'store')
#18 D:/wamp64/www/migrate/crude/vendor/laravel/framework/src/Illuminate/Routing/Route.php(205): Illuminate/Routing/Route->runController()
#19 D:/wamp64/www/migrate/crude/vendor/laravel/framework/src/Illuminate/Routing/Router.php(806): Illuminate/Routing/Route->run()
#20 D:/wamp64/www/migrate/crude/vendor/laravel/framework/src/Illuminate/Pipeline/Pipeline.php(144): Illuminate/Routing/Router->{closure:Illuminate/Routing/Router::runRouteWithinStack():805}(Object(Illuminate/Http/Request))
#21 D:/wamp64/www/migrate/crude/app/Http/Middleware/CheckRole.php(23): Illuminate/Pipeline/Pipeline->{closure:Illuminate/Pipeline/Pipeline::prepareDestination():142}(Object(Illuminate/Http/Request))
#22 D:/wamp64/www/migrate/crude/vendor/laravel/framework/src/Illuminate/Pipeline/Pipeline.php(183): App/Http/Middleware/CheckRole->handle(Object(Illuminate/Http/Request), Object(Closure), 'admin')
#23 D:/wamp64/www/migrate/crude/vendor/laravel/framework/src/Illuminate/Routing/Middleware/SubstituteBindings.php(50): Illuminate/Pipeline/Pipeline->{closure:{closure:Illuminate/Pipeline/Pipeline::carry():158}:159}(Object(Illuminate/Http/Request))
#24 D:/wamp64/www/migrate/crude/vendor/laravel/framework/src/Illuminate/Pipeline/Pipeline.php(183): Illuminate/Routing/Middleware/SubstituteBindings->handle(Object(Illuminate/Http/Request), Object(Closure))
#25 D:/wamp64/www/migrate/crude/vendor/laravel/framework/src/Illuminate/Auth/Middleware/Authenticate.php(57): Illuminate/Pipeline/Pipeline->{closure:{closure:Illuminate/Pipeline/Pipeline::carry():158}:159}(Object(Illuminate/Http/Request))
#26 D:/wamp64/www/migrate/crude/vendor/laravel/framework/src/Illuminate/Pipeline/Pipeline.php(183): Illuminate/Auth/Middleware/Authenticate->handle(Object(Illuminate/Http/Request), Object(Closure))
#27 D:/wamp64/www/migrate/crude/vendor/laravel/framework/src/Illuminate/Foundation/Http/Middleware/VerifyCsrfToken.php(78): Illuminate/Pipeline/Pipeline->{closure:{closure:Illuminate/Pipeline/Pipeline::carry():158}:159}(Object(Illuminate/Http/Request))
#28 D:/wamp64/www/migrate/crude/vendor/laravel/framework/src/Illuminate/Pipeline/Pipeline.php(183): Illuminate/Foundation/Http/Middleware/VerifyCsrfToken->handle(Object(Illuminate/Http/Request), Object(Closure))
#29 D:/wamp64/www/migrate/crude/vendor/laravel/framework/src/Illuminate/View/Middleware/ShareErrorsFromSession.php(49): Illuminate/Pipeline/Pipeline->{closure:{closure:Illuminate/Pipeline/Pipeline::carry():158}:159}(Object(Illuminate/Http/Request))
#30 D:/wamp64/www/migrate/crude/vendor/laravel/framework/src/Illuminate/Pipeline/Pipeline.php(183): Illuminate/View/Middleware/ShareErrorsFromSession->handle(Object(Illuminate/Http/Request), Object(Closure))
#31 D:/wamp64/www/migrate/crude/vendor/laravel/framework/src/Illuminate/Session/Middleware/StartSession.php(121): Illuminate/Pipeline/Pipeline->{closure:{closure:Illuminate/Pipeline/Pipeline::carry():158}:159}(Object(Illuminate/Http/Request))
#32 D:/wamp64/www/migrate/crude/vendor/laravel/framework/src/Illuminate/Session/Middleware/StartSession.php(64): Illuminate/Session/Middleware/StartSession->handleStatefulRequest(Object(Illuminate/Http/Request), Object(Illuminate/Session/Store), Object(Closure))
#33 D:/wamp64/www/migrate/crude/vendor/laravel/framework/src/Illuminate/Pipeline/Pipeline.php(183): Illuminate/Session/Middleware/StartSession->handle(Object(Illuminate/Http/Request), Object(Closure))
#34 D:/wamp64/www/migrate/crude/vendor/laravel/framework/src/Illuminate/Cookie/Middleware/AddQueuedCookiesToResponse.php(37): Illuminate/Pipeline/Pipeline->{closure:{closure:Illuminate/Pipeline/Pipeline::carry():158}:159}(Object(Illuminate/Http/Request))
#35 D:/wamp64/www/migrate/crude/vendor/laravel/framework/src/Illuminate/Pipeline/Pipeline.php(183): Illuminate/Cookie/Middleware/AddQueuedCookiesToResponse->handle(Object(Illuminate/Http/Request), Object(Closure))
#36 D:/wamp64/www/migrate/crude/vendor/laravel/framework/src/Illuminate/Cookie/Middleware/EncryptCookies.php(67): Illuminate/Pipeline/Pipeline->{closure:{closure:Illuminate/Pipeline/Pipeline::carry():158}:159}(Object(Illuminate/Http/Request))
#37 D:/wamp64/www/migrate/crude/vendor/laravel/framework/src/Illuminate/Pipeline/Pipeline.php(183): Illuminate/Cookie/Middleware/EncryptCookies->handle(Object(Illuminate/Http/Request), Object(Closure))
#38 D:/wamp64/www/migrate/crude/vendor/laravel/framework/src/Illuminate/Pipeline/Pipeline.php(119): Illuminate/Pipeline/Pipeline->{closure:{closure:Illuminate/Pipeline/Pipeline::carry():158}:159}(Object(Illuminate/Http/Request))
#39 D:/wamp64/www/migrate/crude/vendor/laravel/framework/src/Illuminate/Routing/Router.php(805): Illuminate/Pipeline/Pipeline->then(Object(Closure))
#40 D:/wamp64/www/migrate/crude/vendor/laravel/framework/src/Illuminate/Routing/Router.php(784): Illuminate/Routing/Router->runRouteWithinStack(Object(Illuminate/Routing/Route), Object(Illuminate/Http/Request))
#41 D:/wamp64/www/migrate/crude/vendor/laravel/framework/src/Illuminate/Routing/Router.php(748): Illuminate/Routing/Router->runRoute(Object(Illuminate/Http/Request), Object(Illuminate/Routing/Route))
#42 D:/wamp64/www/migrate/crude/vendor/laravel/framework/src/Illuminate/Routing/Router.php(737): Illuminate/Routing/Router->dispatchToRoute(Object(Illuminate/Http/Request))
#43 D:/wamp64/www/migrate/crude/vendor/laravel/framework/src/Illuminate/Foundation/Http/Kernel.php(200): Illuminate/Routing/Router->dispatch(Object(Illuminate/Http/Request))
#44 D:/wamp64/www/migrate/crude/vendor/laravel/framework/src/Illuminate/Pipeline/Pipeline.php(144): Illuminate/Foundation/Http/Kernel->{closure:Illuminate/Foundation/Http/Kernel::dispatchToRouter():197}(Object(Illuminate/Http/Request))
#45 D:/wamp64/www/migrate/crude/vendor/laravel/framework/src/Illuminate/Foundation/Http/Middleware/TransformsRequest.php(21): Illuminate/Pipeline/Pipeline->{closure:Illuminate/Pipeline/Pipeline::prepareDestination():142}(Object(Illuminate/Http/Request))
#46 D:/wamp64/www/migrate/crude/vendor/laravel/framework/src/Illuminate/Foundation/Http/Middleware/ConvertEmptyStringsToNull.php(31): Illuminate/Foundation/Http/Middleware/TransformsRequest->handle(Object(Illuminate/Http/Request), Object(Closure))
#47 D:/wamp64/www/migrate/crude/vendor/laravel/framework/src/Illuminate/Pipeline/Pipeline.php(183): Illuminate/Foundation/Http/Middleware/ConvertEmptyStringsToNull->handle(Object(Illuminate/Http/Request), Object(Closure))
#48 D:/wamp64/www/migrate/crude/vendor/laravel/framework/src/Illuminate/Foundation/Http/Middleware/TransformsRequest.php(21): Illuminate/Pipeline/Pipeline->{closure:{closure:Illuminate/Pipeline/Pipeline::carry():158}:159}(Object(Illuminate/Http/Request))
#49 D:/wamp64/www/migrate/crude/vendor/laravel/framework/src/Illuminate/Foundation/Http/Middleware/TrimStrings.php(40): Illuminate/Foundation/Http/Middleware/TransformsRequest->handle(Object(Illuminate/Http/Request), Object(Closure))
#50 D:/wamp64/www/migrate/crude/vendor/laravel/framework/src/Illuminate/Pipeline/Pipeline.php(183): Illuminate/Foundation/Http/Middleware/TrimStrings->handle(Object(Illuminate/Http/Request), Object(Closure))
#51 D:/wamp64/www/migrate/crude/vendor/laravel/framework/src/Illuminate/Foundation/Http/Middleware/ValidatePostSize.php(27): Illuminate/Pipeline/Pipeline->{closure:{closure:Illuminate/Pipeline/Pipeline::carry():158}:159}(Object(Illuminate/Http/Request))
#52 D:/wamp64/www/migrate/crude/vendor/laravel/framework/src/Illuminate/Pipeline/Pipeline.php(183): Illuminate/Foundation/Http/Middleware/ValidatePostSize->handle(Object(Illuminate/Http/Request), Object(Closure))
#53 D:/wamp64/www/migrate/crude/vendor/laravel/framework/src/Illuminate/Foundation/Http/Middleware/PreventRequestsDuringMaintenance.php(99): Illuminate/Pipeline/Pipeline->{closure:{closure:Illuminate/Pipeline/Pipeline::carry():158}:159}(Object(Illuminate/Http/Request))
#54 D:/wamp64/www/migrate/crude/vendor/laravel/framework/src/Illuminate/Pipeline/Pipeline.php(183): Illuminate/Foundation/Http/Middleware/PreventRequestsDuringMaintenance->handle(Object(Illuminate/Http/Request), Object(Closure))
#55 D:/wamp64/www/migrate/crude/vendor/laravel/framework/src/Illuminate/Http/Middleware/HandleCors.php(49): Illuminate/Pipeline/Pipeline->{closure:{closure:Illuminate/Pipeline/Pipeline::carry():158}:159}(Object(Illuminate/Http/Request))
#56 D:/wamp64/www/migrate/crude/vendor/laravel/framework/src/Illuminate/Pipeline/Pipeline.php(183): Illuminate/Http/Middleware/HandleCors->handle(Object(Illuminate/Http/Request), Object(Closure))
#57 D:/wamp64/www/migrate/crude/vendor/laravel/framework/src/Illuminate/Http/Middleware/TrustProxies.php(39): Illuminate/Pipeline/Pipeline->{closure:{closure:Illuminate/Pipeline/Pipeline::carry():158}:159}(Object(Illuminate/Http/Request))
#58 D:/wamp64/www/migrate/crude/vendor/laravel/framework/src/Illuminate/Pipeline/Pipeline.php(183): Illuminate/Http/Middleware/TrustProxies->handle(Object(Illuminate/Http/Request), Object(Closure))
#59 D:/wamp64/www/migrate/crude/vendor/laravel/framework/src/Illuminate/Pipeline/Pipeline.php(119): Illuminate/Pipeline/Pipeline->{closure:{closure:Illuminate/Pipeline/Pipeline::carry():158}:159}(Object(Illuminate/Http/Request))
#60 D:/wamp64/www/migrate/crude/vendor/laravel/framework/src/Illuminate/Foundation/Http/Kernel.php(175): Illuminate/Pipeline/Pipeline->then(Object(Closure))
#61 D:/wamp64/www/migrate/crude/vendor/laravel/framework/src/Illuminate/Foundation/Http/Kernel.php(144): Illuminate/Foundation/Http/Kernel->sendRequestThroughRouter(Object(Illuminate/Http/Request))
#62 D:/wamp64/www/migrate/crude/public/index.php(51): Illuminate/Foundation/Http/Kernel->handle(Object(Illuminate/Http/Request))
#63 D:/wamp64/www/migrate/crude/vendor/laravel/framework/src/Illuminate/Foundation/resources/server.php(16): require_once('D://wamp64//www//m...')
#64 {main}

[previous exception] [object] (PDOException(code: 42S22): SQLSTATE[42S22]: Column not found: 1054 Unknown column 'image' in 'field list' at D:/wamp64/www/migrate/crude/vendor/laravel/framework/src/Illuminate/Database/MySqlConnection.php:39)
[stacktrace]
#0 D:/wamp64/www/migrate/crude/vendor/laravel/framework/src/Illuminate/Database/MySqlConnection.php(39): PDO->prepare('insert into `pr...')
#1 D:/wamp64/www/migrate/crude/vendor/laravel/framework/src/Illuminate/Database/Connection.php(816): Illuminate/Database/MySqlConnection->{closure:Illuminate/Database/MySqlConnection::insert():34}('insert into `pr...', Array)
#2 D:/wamp64/www/migrate/crude/vendor/laravel/framework/src/Illuminate/Database/Connection.php(783): Illuminate/Database/Connection->runQueryCallback('insert into `pr...', Array, Object(Closure))
#3 D:/wamp64/www/migrate/crude/vendor/laravel/framework/src/Illuminate/Database/MySqlConnection.php(34): Illuminate/Database/Connection->run('insert into `pr...', Array, Object(Closure))
#4 D:/wamp64/www/migrate/crude/vendor/laravel/framework/src/Illuminate/Database/Query/Processors/MySqlProcessor.php(35): Illuminate/Database/MySqlConnection->insert('insert into `pr...', Array, 'id')
#5 D:/wamp64/www/migrate/crude/vendor/laravel/framework/src/Illuminate/Database/Query/Builder.php(3549): Illuminate/Database/Query/Processors/MySqlProcessor->processInsertGetId(Object(Illuminate/Database/Query/Builder), 'insert into `pr...', Array, 'id')
#6 D:/wamp64/www/migrate/crude/vendor/laravel/framework/src/Illuminate/Database/Eloquent/Builder.php(1982): Illuminate/Database/Query/Builder->insertGetId(Array, 'id')
#7 D:/wamp64/www/migrate/crude/vendor/laravel/framework/src/Illuminate/Database/Eloquent/Model.php(1334): Illuminate/Database/Eloquent/Builder->__call('insertGetId', Array)
#8 D:/wamp64/www/migrate/crude/vendor/laravel/framework/src/Illuminate/Database/Eloquent/Model.php(1299): Illuminate/Database/Eloquent/Model->insertAndSetId(Object(Illuminate/Database/Eloquent/Builder), Array)
#9 D:/wamp64/www/migrate/crude/vendor/laravel/framework/src/Illuminate/Database/Eloquent/Model.php(1138): Illuminate/Database/Eloquent/Model->performInsert(Object(Illuminate/Database/Eloquent/Builder))
#10 D:/wamp64/www/migrate/crude/vendor/laravel/framework/src/Illuminate/Database/Eloquent/Builder.php(1025): Illuminate/Database/Eloquent/Model->save()
#11 D:/wamp64/www/migrate/crude/vendor/laravel/framework/src/Illuminate/Support/helpers.php(320): Illuminate/Database/Eloquent/Builder->{closure:Illuminate/Database/Eloquent/Builder::create():1024}(Object(App/Models/Product))
#12 D:/wamp64/www/migrate/crude/vendor/laravel/framework/src/Illuminate/Database/Eloquent/Builder.php(1024): tap(Object(App/Models/Product), Object(Closure))
#13 D:/wamp64/www/migrate/crude/vendor/laravel/framework/src/Illuminate/Support/Traits/ForwardsCalls.php(23): Illuminate/Database/Eloquent/Builder->create(Array)
#14 D:/wamp64/www/migrate/crude/vendor/laravel/framework/src/Illuminate/Database/Eloquent/Model.php(2335): Illuminate/Database/Eloquent/Model->forwardCallTo(Object(Illuminate/Database/Eloquent/Builder), 'create', Array)
#15 D:/wamp64/www/migrate/crude/vendor/laravel/framework/src/Illuminate/Database/Eloquent/Model.php(2347): Illuminate/Database/Eloquent/Model->__call('create', Array)
#16 D:/wamp64/www/migrate/crude/app/Http/Controllers/ProductController.php(75): Illuminate/Database/Eloquent/Model::__callStatic('create', Array)
#17 D:/wamp64/www/migrate/crude/vendor/laravel/framework/src/Illuminate/Routing/Controller.php(54): App/Http/Controllers/ProductController->store(Object(Illuminate/Http/Request))
#18 D:/wamp64/www/migrate/crude/vendor/laravel/framework/src/Illuminate/Routing/ControllerDispatcher.php(43): Illuminate/Routing/Controller->callAction('store', Array)
#19 D:/wamp64/www/migrate/crude/vendor/laravel/framework/src/Illuminate/Routing/Route.php(259): Illuminate/Routing/ControllerDispatcher->dispatch(Object(Illuminate/Routing/Route), Object(App/Http/Controllers/ProductController), 'store')
#20 D:/wamp64/www/migrate/crude/vendor/laravel/framework/src/Illuminate/Routing/Route.php(205): Illuminate/Routing/Route->runController()
#21 D:/wamp64/www/migrate/crude/vendor/laravel/framework/src/Illuminate/Routing/Router.php(806): Illuminate/Routing/Route->run()
#22 D:/wamp64/www/migrate/crude/vendor/laravel/framework/src/Illuminate/Pipeline/Pipeline.php(144): Illuminate/Routing/Router->{closure:Illuminate/Routing/Router::runRouteWithinStack():805}(Object(Illuminate/Http/Request))
#23 D:/wamp64/www/migrate/crude/app/Http/Middleware/CheckRole.php(23): Illuminate/Pipeline/Pipeline->{closure:Illuminate/Pipeline/Pipeline::prepareDestination():142}(Object(Illuminate/Http/Request))
#24 D:/wamp64/www/migrate/crude/vendor/laravel/framework/src/Illuminate/Pipeline/Pipeline.php(183): App/Http/Middleware/CheckRole->handle(Object(Illuminate/Http/Request), Object(Closure), 'admin')
#25 D:/wamp64/www/migrate/crude/vendor/laravel/framework/src/Illuminate/Routing/Middleware/SubstituteBindings.php(50): Illuminate/Pipeline/Pipeline->{closure:{closure:Illuminate/Pipeline/Pipeline::carry():158}:159}(Object(Illuminate/Http/Request))
#26 D:/wamp64/www/migrate/crude/vendor/laravel/framework/src/Illuminate/Pipeline/Pipeline.php(183): Illuminate/Routing/Middleware/SubstituteBindings->handle(Object(Illuminate/Http/Request), Object(Closure))
#27 D:/wamp64/www/migrate/crude/vendor/laravel/framework/src/Illuminate/Auth/Middleware/Authenticate.php(57): Illuminate/Pipeline/Pipeline->{closure:{closure:Illuminate/Pipeline/Pipeline::carry():158}:159}(Object(Illuminate/Http/Request))
#28 D:/wamp64/www/migrate/crude/vendor/laravel/framework/src/Illuminate/Pipeline/Pipeline.php(183): Illuminate/Auth/Middleware/Authenticate->handle(Object(Illuminate/Http/Request), Object(Closure))
#29 D:/wamp64/www/migrate/crude/vendor/laravel/framework/src/Illuminate/Foundation/Http/Middleware/VerifyCsrfToken.php(78): Illuminate/Pipeline/Pipeline->{closure:{closure:Illuminate/Pipeline/Pipeline::carry():158}:159}(Object(Illuminate/Http/Request))
#30 D:/wamp64/www/migrate/crude/vendor/laravel/framework/src/Illuminate/Pipeline/Pipeline.php(183): Illuminate/Foundation/Http/Middleware/VerifyCsrfToken->handle(Object(Illuminate/Http/Request), Object(Closure))
#31 D:/wamp64/www/migrate/crude/vendor/laravel/framework/src/Illuminate/View/Middleware/ShareErrorsFromSession.php(49): Illuminate/Pipeline/Pipeline->{closure:{closure:Illuminate/Pipeline/Pipeline::carry():158}:159}(Object(Illuminate/Http/Request))
#32 D:/wamp64/www/migrate/crude/vendor/laravel/framework/src/Illuminate/Pipeline/Pipeline.php(183): Illuminate/View/Middleware/ShareErrorsFromSession->handle(Object(Illuminate/Http/Request), Object(Closure))
#33 D:/wamp64/www/migrate/crude/vendor/laravel/framework/src/Illuminate/Session/Middleware/StartSession.php(121): Illuminate/Pipeline/Pipeline->{closure:{closure:Illuminate/Pipeline/Pipeline::carry():158}:159}(Object(Illuminate/Http/Request))
#34 D:/wamp64/www/migrate/crude/vendor/laravel/framework/src/Illuminate/Session/Middleware/StartSession.php(64): Illuminate/Session/Middleware/StartSession->handleStatefulRequest(Object(Illuminate/Http/Request), Object(Illuminate/Session/Store), Object(Closure))
#35 D:/wamp64/www/migrate/crude/vendor/laravel/framework/src/Illuminate/Pipeline/Pipeline.php(183): Illuminate/Session/Middleware/StartSession->handle(Object(Illuminate/Http/Request), Object(Closure))
#36 D:/wamp64/www/migrate/crude/vendor/laravel/framework/src/Illuminate/Cookie/Middleware/AddQueuedCookiesToResponse.php(37): Illuminate/Pipeline/Pipeline->{closure:{closure:Illuminate/Pipeline/Pipeline::carry():158}:159}(Object(Illuminate/Http/Request))
#37 D:/wamp64/www/migrate/crude/vendor/laravel/framework/src/Illuminate/Pipeline/Pipeline.php(183): Illuminate/Cookie/Middleware/AddQueuedCookiesToResponse->handle(Object(Illuminate/Http/Request), Object(Closure))
#38 D:/wamp64/www/migrate/crude/vendor/laravel/framework/src/Illuminate/Cookie/Middleware/EncryptCookies.php(67): Illuminate/Pipeline/Pipeline->{closure:{closure:Illuminate/Pipeline/Pipeline::carry():158}:159}(Object(Illuminate/Http/Request))
#39 D:/wamp64/www/migrate/crude/vendor/laravel/framework/src/Illuminate/Pipeline/Pipeline.php(183): Illuminate/Cookie/Middleware/EncryptCookies->handle(Object(Illuminate/Http/Request), Object(Closure))
#40 D:/wamp64/www/migrate/crude/vendor/laravel/framework/src/Illuminate/Pipeline/Pipeline.php(119): Illuminate/Pipeline/Pipeline->{closure:{closure:Illuminate/Pipeline/Pipeline::carry():158}:159}(Object(Illuminate/Http/Request))
#41 D:/wamp64/www/migrate/crude/vendor/laravel/framework/src/Illuminate/Routing/Router.php(805): Illuminate/Pipeline/Pipeline->then(Object(Closure))
#42 D:/wamp64/www/migrate/crude/vendor/laravel/framework/src/Illuminate/Routing/Router.php(784): Illuminate/Routing/Router->runRouteWithinStack(Object(Illuminate/Routing/Route), Object(Illuminate/Http/Request))
#43 D:/wamp64/www/migrate/crude/vendor/laravel/framework/src/Illuminate/Routing/Router.php(748): Illuminate/Routing/Router->runRoute(Object(Illuminate/Http/Request), Object(Illuminate/Routing/Route))
#44 D:/wamp64/www/migrate/crude/vendor/laravel/framework/src/Illuminate/Routing/Router.php(737): Illuminate/Routing/Router->dispatchToRoute(Object(Illuminate/Http/Request))
#45 D:/wamp64/www/migrate/crude/vendor/laravel/framework/src/Illuminate/Foundation/Http/Kernel.php(200): Illuminate/Routing/Router->dispatch(Object(Illuminate/Http/Request))
#46 D:/wamp64/www/migrate/crude/vendor/laravel/framework/src/Illuminate/Pipeline/Pipeline.php(144): Illuminate/Foundation/Http/Kernel->{closure:Illuminate/Foundation/Http/Kernel::dispatchToRouter():197}(Object(Illuminate/Http/Request))
#47 D:/wamp64/www/migrate/crude/vendor/laravel/framework/src/Illuminate/Foundation/Http/Middleware/TransformsRequest.php(21): Illuminate/Pipeline/Pipeline->{closure:Illuminate/Pipeline/Pipeline::prepareDestination():142}(Object(Illuminate/Http/Request))
#48 D:/wamp64/www/migrate/crude/vendor/laravel/framework/src/Illuminate/Foundation/Http/Middleware/ConvertEmptyStringsToNull.php(31): Illuminate/Foundation/Http/Middleware/TransformsRequest->handle(Object(Illuminate/Http/Request), Object(Closure))
#49 D:/wamp64/www/migrate/crude/vendor/laravel/framework/src/Illuminate/Pipeline/Pipeline.php(183): Illuminate/Foundation/Http/Middleware/ConvertEmptyStringsToNull->handle(Object(Illuminate/Http/Request), Object(Closure))
#50 D:/wamp64/www/migrate/crude/vendor/laravel/framework/src/Illuminate/Foundation/Http/Middleware/TransformsRequest.php(21): Illuminate/Pipeline/Pipeline->{closure:{closure:Illuminate/Pipeline/Pipeline::carry():158}:159}(Object(Illuminate/Http/Request))
#51 D:/wamp64/www/migrate/crude/vendor/laravel/framework/src/Illuminate/Foundation/Http/Middleware/TrimStrings.php(40): Illuminate/Foundation/Http/Middleware/TransformsRequest->handle(Object(Illuminate/Http/Request), Object(Closure))
#52 D:/wamp64/www/migrate/crude/vendor/laravel/framework/src/Illuminate/Pipeline/Pipeline.php(183): Illuminate/Foundation/Http/Middleware/TrimStrings->handle(Object(Illuminate/Http/Request), Object(Closure))
#53 D:/wamp64/www/migrate/crude/vendor/laravel/framework/src/Illuminate/Foundation/Http/Middleware/ValidatePostSize.php(27): Illuminate/Pipeline/Pipeline->{closure:{closure:Illuminate/Pipeline/Pipeline::carry():158}:159}(Object(Illuminate/Http/Request))
#54 D:/wamp64/www/migrate/crude/vendor/laravel/framework/src/Illuminate/Pipeline/Pipeline.php(183): Illuminate/Foundation/Http/Middleware/ValidatePostSize->handle(Object(Illuminate/Http/Request), Object(Closure))
#55 D:/wamp64/www/migrate/crude/vendor/laravel/framework/src/Illuminate/Foundation/Http/Middleware/PreventRequestsDuringMaintenance.php(99): Illuminate/Pipeline/Pipeline->{closure:{closure:Illuminate/Pipeline/Pipeline::carry():158}:159}(Object(Illuminate/Http/Request))
#56 D:/wamp64/www/migrate/crude/vendor/laravel/framework/src/Illuminate/Pipeline/Pipeline.php(183): Illuminate/Foundation/Http/Middleware/PreventRequestsDuringMaintenance->handle(Object(Illuminate/Http/Request), Object(Closure))
#57 D:/wamp64/www/migrate/crude/vendor/laravel/framework/src/Illuminate/Http/Middleware/HandleCors.php(49): Illuminate/Pipeline/Pipeline->{closure:{closure:Illuminate/Pipeline/Pipeline::carry():158}:159}(Object(Illuminate/Http/Request))
#58 D:/wamp64/www/migrate/crude/vendor/laravel/framework/src/Illuminate/Pipeline/Pipeline.php(183): Illuminate/Http/Middleware/HandleCors->handle(Object(Illuminate/Http/Request), Object(Closure))
#59 D:/wamp64/www/migrate/crude/vendor/laravel/framework/src/Illuminate/Http/Middleware/TrustProxies.php(39): Illuminate/Pipeline/Pipeline->{closure:{closure:Illuminate/Pipeline/Pipeline::carry():158}:159}(Object(Illuminate/Http/Request))
#60 D:/wamp64/www/migrate/crude/vendor/laravel/framework/src/Illuminate/Pipeline/Pipeline.php(183): Illuminate/Http/Middleware/TrustProxies->handle(Object(Illuminate/Http/Request), Object(Closure))
#61 D:/wamp64/www/migrate/crude/vendor/laravel/framework/src/Illuminate/Pipeline/Pipeline.php(119): Illuminate/Pipeline/Pipeline->{closure:{closure:Illuminate/Pipeline/Pipeline::carry():158}:159}(Object(Illuminate/Http/Request))
#62 D:/wamp64/www/migrate/crude/vendor/laravel/framework/src/Illuminate/Foundation/Http/Kernel.php(175): Illuminate/Pipeline/Pipeline->then(Object(Closure))
#63 D:/wamp64/www/migrate/crude/vendor/laravel/framework/src/Illuminate/Foundation/Http/Kernel.php(144): Illuminate/Foundation/Http/Kernel->sendRequestThroughRouter(Object(Illuminate/Http/Request))
#64 D:/wamp64/www/migrate/crude/public/index.php(51): Illuminate/Foundation/Http/Kernel->handle(Object(Illuminate/Http/Request))
#65 D:/wamp64/www/migrate/crude/vendor/laravel/framework/src/Illuminate/Foundation/resources/server.php(16): require_once('D://wamp64//www//m...')
#66 {main}
"} 
[2026-07-14 02:30:37] local.ERROR: Route [cart.checkout] not defined. {"view":{"view":"D:\\wamp64\\www\\migrate\\crude\\resources\\views\\cart\\index.blade.php","data":{"errors":"<pre class=sf-dump id=sf-dump-1034352530 data-indent-pad=\"  \"><span class=sf-dump-note>Illuminate\\Support\\ViewErrorBag</span> {<a class=sf-dump-ref>#1052</a><samp data-depth=1 class=sf-dump-expanded>
  #<span class=sf-dump-protected title=\"Protected property\">bags</span>: []
</samp>}
</pre><script>Sfdump(\"sf-dump-1034352530\", {\"maxDepth\":3,\"maxStringLength\":160})</script>
","cart":"<pre class=sf-dump id=sf-dump-587305545 data-indent-pad=\"  \"><span class=sf-dump-note>array:1</span> [<samp data-depth=1 class=sf-dump-expanded>
  <span class=sf-dump-key>2</span> => <span class=sf-dump-note>array:6</span> [<samp data-depth=2 class=sf-dump-compact>
    \"<span class=sf-dump-key>id</span>\" => <span class=sf-dump-num>2</span>
    \"<span class=sf-dump-key>name</span>\" => \"<span class=sf-dump-str title=\"15 characters\">Lysandra Austin</span>\"
    \"<span class=sf-dump-key>quantity</span>\" => \"<span class=sf-dump-str>2</span>\"
    \"<span class=sf-dump-key>price</span>\" => \"<span class=sf-dump-str title=\"6 characters\">249.00</span>\"
    \"<span class=sf-dump-key>size</span>\" => <span class=sf-dump-const>null</span>
    \"<span class=sf-dump-key>image</span>\" => \"<span class=sf-dump-str title=\"53 characters\">products/z2de3WYC4B2ZN4MktT0GmfA444TOSEQKRhZY4wUj.jpg</span>\"
  </samp>]
</samp>]
</pre><script>Sfdump(\"sf-dump-587305545\", {\"maxDepth\":3,\"maxStringLength\":160})</script>
"}},"userId":2,"exception":"[object] (Spatie\\LaravelIgnition\\Exceptions\\ViewException(code: 0): Route [cart.checkout] not defined. at D:/wamp64/www/migrate/crude/vendor/laravel/framework/src/Illuminate/Routing/UrlGenerator.php:477)
[stacktrace]
#0 D:/wamp64/www/migrate/crude/vendor/laravel/framework/src/Illuminate/Foundation/helpers.php(811): Illuminate/Routing/UrlGenerator->route('cart.checkout', Array, true)
#1 D:/wamp64/www/migrate/crude/resources/views/cart/index.blade.php(89): route('cart.checkout')
#2 D:/wamp64/www/migrate/crude/vendor/laravel/framework/src/Illuminate/Filesystem/Filesystem.php(123): require('D://wamp64//www//m...')
#3 D:/wamp64/www/migrate/crude/vendor/laravel/framework/src/Illuminate/Filesystem/Filesystem.php(124): Illuminate/Filesystem/Filesystem::{closure:Illuminate/Filesystem/Filesystem::getRequire():120}()
#4 D:/wamp64/www/migrate/crude/vendor/laravel/framework/src/Illuminate/View/Engines/PhpEngine.php(58): Illuminate/Filesystem/Filesystem->getRequire('D://wamp64//www//m...', Array)
#5 D:/wamp64/www/migrate/crude/vendor/laravel/framework/src/Illuminate/View/Engines/CompilerEngine.php(72): Illuminate/View/Engines/PhpEngine->evaluatePath('D://wamp64//www//m...', Array)
#6 D:/wamp64/www/migrate/crude/vendor/laravel/framework/src/Illuminate/View/View.php(207): Illuminate/View/Engines/CompilerEngine->get('D://wamp64//www//m...', Array)
#7 D:/wamp64/www/migrate/crude/vendor/laravel/framework/src/Illuminate/View/View.php(190): Illuminate/View/View->getContents()
#8 D:/wamp64/www/migrate/crude/vendor/laravel/framework/src/Illuminate/View/View.php(159): Illuminate/View/View->renderContents()
#9 D:/wamp64/www/migrate/crude/vendor/laravel/framework/src/Illuminate/Http/Response.php(69): Illuminate/View/View->render()
#10 D:/wamp64/www/migrate/crude/vendor/laravel/framework/src/Illuminate/Http/Response.php(35): Illuminate/Http/Response->setContent(Object(Illuminate/View/View))
#11 D:/wamp64/www/migrate/crude/vendor/laravel/framework/src/Illuminate/Routing/Router.php(918): Illuminate/Http/Response->__construct(Object(Illuminate/View/View), 200, Array)
#12 D:/wamp64/www/migrate/crude/vendor/laravel/framework/src/Illuminate/Routing/Router.php(885): Illuminate/Routing/Router::toResponse(Object(Illuminate/Http/Request), Object(Illuminate/View/View))
#13 D:/wamp64/www/migrate/crude/vendor/laravel/framework/src/Illuminate/Routing/Router.php(805): Illuminate/Routing/Router->prepareResponse(Object(Illuminate/Http/Request), Object(Illuminate/View/View))
#14 D:/wamp64/www/migrate/crude/vendor/laravel/framework/src/Illuminate/Pipeline/Pipeline.php(144): Illuminate/Routing/Router->{closure:Illuminate/Routing/Router::runRouteWithinStack():805}(Object(Illuminate/Http/Request))
#15 D:/wamp64/www/migrate/crude/app/Http/Middleware/CheckRole.php(23): Illuminate/Pipeline/Pipeline->{closure:Illuminate/Pipeline/Pipeline::prepareDestination():142}(Object(Illuminate/Http/Request))
#16 D:/wamp64/www/migrate/crude/vendor/laravel/framework/src/Illuminate/Pipeline/Pipeline.php(183): App/Http/Middleware/CheckRole->handle(Object(Illuminate/Http/Request), Object(Closure), 'client')
#17 D:/wamp64/www/migrate/crude/vendor/laravel/framework/src/Illuminate/Routing/Middleware/SubstituteBindings.php(50): Illuminate/Pipeline/Pipeline->{closure:{closure:Illuminate/Pipeline/Pipeline::carry():158}:159}(Object(Illuminate/Http/Request))
#18 D:/wamp64/www/migrate/crude/vendor/laravel/framework/src/Illuminate/Pipeline/Pipeline.php(183): Illuminate/Routing/Middleware/SubstituteBindings->handle(Object(Illuminate/Http/Request), Object(Closure))
#19 D:/wamp64/www/migrate/crude/vendor/laravel/framework/src/Illuminate/Auth/Middleware/Authenticate.php(57): Illuminate/Pipeline/Pipeline->{closure:{closure:Illuminate/Pipeline/Pipeline::carry():158}:159}(Object(Illuminate/Http/Request))
#20 D:/wamp64/www/migrate/crude/vendor/laravel/framework/src/Illuminate/Pipeline/Pipeline.php(183): Illuminate/Auth/Middleware/Authenticate->handle(Object(Illuminate/Http/Request), Object(Closure))
#21 D:/wamp64/www/migrate/crude/vendor/laravel/framework/src/Illuminate/Foundation/Http/Middleware/VerifyCsrfToken.php(78): Illuminate/Pipeline/Pipeline->{closure:{closure:Illuminate/Pipeline/Pipeline::carry():158}:159}(Object(Illuminate/Http/Request))
#22 D:/wamp64/www/migrate/crude/vendor/laravel/framework/src/Illuminate/Pipeline/Pipeline.php(183): Illuminate/Foundation/Http/Middleware/VerifyCsrfToken->handle(Object(Illuminate/Http/Request), Object(Closure))
#23 D:/wamp64/www/migrate/crude/vendor/laravel/framework/src/Illuminate/View/Middleware/ShareErrorsFromSession.php(49): Illuminate/Pipeline/Pipeline->{closure:{closure:Illuminate/Pipeline/Pipeline::carry():158}:159}(Object(Illuminate/Http/Request))
#24 D:/wamp64/www/migrate/crude/vendor/laravel/framework/src/Illuminate/Pipeline/Pipeline.php(183): Illuminate/View/Middleware/ShareErrorsFromSession->handle(Object(Illuminate/Http/Request), Object(Closure))
#25 D:/wamp64/www/migrate/crude/vendor/laravel/framework/src/Illuminate/Session/Middleware/StartSession.php(121): Illuminate/Pipeline/Pipeline->{closure:{closure:Illuminate/Pipeline/Pipeline::carry():158}:159}(Object(Illuminate/Http/Request))
#26 D:/wamp64/www/migrate/crude/vendor/laravel/framework/src/Illuminate/Session/Middleware/StartSession.php(64): Illuminate/Session/Middleware/StartSession->handleStatefulRequest(Object(Illuminate/Http/Request), Object(Illuminate/Session/Store), Object(Closure))
#27 D:/wamp64/www/migrate/crude/vendor/laravel/framework/src/Illuminate/Pipeline/Pipeline.php(183): Illuminate/Session/Middleware/StartSession->handle(Object(Illuminate/Http/Request), Object(Closure))
#28 D:/wamp64/www/migrate/crude/vendor/laravel/framework/src/Illuminate/Cookie/Middleware/AddQueuedCookiesToResponse.php(37): Illuminate/Pipeline/Pipeline->{closure:{closure:Illuminate/Pipeline/Pipeline::carry():158}:159}(Object(Illuminate/Http/Request))
#29 D:/wamp64/www/migrate/crude/vendor/laravel/framework/src/Illuminate/Pipeline/Pipeline.php(183): Illuminate/Cookie/Middleware/AddQueuedCookiesToResponse->handle(Object(Illuminate/Http/Request), Object(Closure))
#30 D:/wamp64/www/migrate/crude/vendor/laravel/framework/src/Illuminate/Cookie/Middleware/EncryptCookies.php(67): Illuminate/Pipeline/Pipeline->{closure:{closure:Illuminate/Pipeline/Pipeline::carry():158}:159}(Object(Illuminate/Http/Request))
#31 D:/wamp64/www/migrate/crude/vendor/laravel/framework/src/Illuminate/Pipeline/Pipeline.php(183): Illuminate/Cookie/Middleware/EncryptCookies->handle(Object(Illuminate/Http/Request), Object(Closure))
#32 D:/wamp64/www/migrate/crude/vendor/laravel/framework/src/Illuminate/Pipeline/Pipeline.php(119): Illuminate/Pipeline/Pipeline->{closure:{closure:Illuminate/Pipeline/Pipeline::carry():158}:159}(Object(Illuminate/Http/Request))
#33 D:/wamp64/www/migrate/crude/vendor/laravel/framework/src/Illuminate/Routing/Router.php(805): Illuminate/Pipeline/Pipeline->then(Object(Closure))
#34 D:/wamp64/www/migrate/crude/vendor/laravel/framework/src/Illuminate/Routing/Router.php(784): Illuminate/Routing/Router->runRouteWithinStack(Object(Illuminate/Routing/Route), Object(Illuminate/Http/Request))
#35 D:/wamp64/www/migrate/crude/vendor/laravel/framework/src/Illuminate/Routing/Router.php(748): Illuminate/Routing/Router->runRoute(Object(Illuminate/Http/Request), Object(Illuminate/Routing/Route))
#36 D:/wamp64/www/migrate/crude/vendor/laravel/framework/src/Illuminate/Routing/Router.php(737): Illuminate/Routing/Router->dispatchToRoute(Object(Illuminate/Http/Request))
#37 D:/wamp64/www/migrate/crude/vendor/laravel/framework/src/Illuminate/Foundation/Http/Kernel.php(200): Illuminate/Routing/Router->dispatch(Object(Illuminate/Http/Request))
#38 D:/wamp64/www/migrate/crude/vendor/laravel/framework/src/Illuminate/Pipeline/Pipeline.php(144): Illuminate/Foundation/Http/Kernel->{closure:Illuminate/Foundation/Http/Kernel::dispatchToRouter():197}(Object(Illuminate/Http/Request))
#39 D:/wamp64/www/migrate/crude/vendor/laravel/framework/src/Illuminate/Foundation/Http/Middleware/TransformsRequest.php(21): Illuminate/Pipeline/Pipeline->{closure:Illuminate/Pipeline/Pipeline::prepareDestination():142}(Object(Illuminate/Http/Request))
#40 D:/wamp64/www/migrate/crude/vendor/laravel/framework/src/Illuminate/Foundation/Http/Middleware/ConvertEmptyStringsToNull.php(31): Illuminate/Foundation/Http/Middleware/TransformsRequest->handle(Object(Illuminate/Http/Request), Object(Closure))
#41 D:/wamp64/www/migrate/crude/vendor/laravel/framework/src/Illuminate/Pipeline/Pipeline.php(183): Illuminate/Foundation/Http/Middleware/ConvertEmptyStringsToNull->handle(Object(Illuminate/Http/Request), Object(Closure))
#42 D:/wamp64/www/migrate/crude/vendor/laravel/framework/src/Illuminate/Foundation/Http/Middleware/TransformsRequest.php(21): Illuminate/Pipeline/Pipeline->{closure:{closure:Illuminate/Pipeline/Pipeline::carry():158}:159}(Object(Illuminate/Http/Request))
#43 D:/wamp64/www/migrate/crude/vendor/laravel/framework/src/Illuminate/Foundation/Http/Middleware/TrimStrings.php(40): Illuminate/Foundation/Http/Middleware/TransformsRequest->handle(Object(Illuminate/Http/Request), Object(Closure))
#44 D:/wamp64/www/migrate/crude/vendor/laravel/framework/src/Illuminate/Pipeline/Pipeline.php(183): Illuminate/Foundation/Http/Middleware/TrimStrings->handle(Object(Illuminate/Http/Request), Object(Closure))
#45 D:/wamp64/www/migrate/crude/vendor/laravel/framework/src/Illuminate/Foundation/Http/Middleware/ValidatePostSize.php(27): Illuminate/Pipeline/Pipeline->{closure:{closure:Illuminate/Pipeline/Pipeline::carry():158}:159}(Object(Illuminate/Http/Request))
#46 D:/wamp64/www/migrate/crude/vendor/laravel/framework/src/Illuminate/Pipeline/Pipeline.php(183): Illuminate/Foundation/Http/Middleware/ValidatePostSize->handle(Object(Illuminate/Http/Request), Object(Closure))
#47 D:/wamp64/www/migrate/crude/vendor/laravel/framework/src/Illuminate/Foundation/Http/Middleware/PreventRequestsDuringMaintenance.php(99): Illuminate/Pipeline/Pipeline->{closure:{closure:Illuminate/Pipeline/Pipeline::carry():158}:159}(Object(Illuminate/Http/Request))
#48 D:/wamp64/www/migrate/crude/vendor/laravel/framework/src/Illuminate/Pipeline/Pipeline.php(183): Illuminate/Foundation/Http/Middleware/PreventRequestsDuringMaintenance->handle(Object(Illuminate/Http/Request), Object(Closure))
#49 D:/wamp64/www/migrate/crude/vendor/laravel/framework/src/Illuminate/Http/Middleware/HandleCors.php(49): Illuminate/Pipeline/Pipeline->{closure:{closure:Illuminate/Pipeline/Pipeline::carry():158}:159}(Object(Illuminate/Http/Request))
#50 D:/wamp64/www/migrate/crude/vendor/laravel/framework/src/Illuminate/Pipeline/Pipeline.php(183): Illuminate/Http/Middleware/HandleCors->handle(Object(Illuminate/Http/Request), Object(Closure))
#51 D:/wamp64/www/migrate/crude/vendor/laravel/framework/src/Illuminate/Http/Middleware/TrustProxies.php(39): Illuminate/Pipeline/Pipeline->{closure:{closure:Illuminate/Pipeline/Pipeline::carry():158}:159}(Object(Illuminate/Http/Request))
#52 D:/wamp64/www/migrate/crude/vendor/laravel/framework/src/Illuminate/Pipeline/Pipeline.php(183): Illuminate/Http/Middleware/TrustProxies->handle(Object(Illuminate/Http/Request), Object(Closure))
#53 D:/wamp64/www/migrate/crude/vendor/laravel/framework/src/Illuminate/Pipeline/Pipeline.php(119): Illuminate/Pipeline/Pipeline->{closure:{closure:Illuminate/Pipeline/Pipeline::carry():158}:159}(Object(Illuminate/Http/Request))
#54 D:/wamp64/www/migrate/crude/vendor/laravel/framework/src/Illuminate/Foundation/Http/Kernel.php(175): Illuminate/Pipeline/Pipeline->then(Object(Closure))
#55 D:/wamp64/www/migrate/crude/vendor/laravel/framework/src/Illuminate/Foundation/Http/Kernel.php(144): Illuminate/Foundation/Http/Kernel->sendRequestThroughRouter(Object(Illuminate/Http/Request))
#56 D:/wamp64/www/migrate/crude/public/index.php(51): Illuminate/Foundation/Http/Kernel->handle(Object(Illuminate/Http/Request))
#57 D:/wamp64/www/migrate/crude/vendor/laravel/framework/src/Illuminate/Foundation/resources/server.php(16): require_once('D://wamp64//www//m...')
#58 {main}

[previous exception] [object] (Symfony\\Component\\Routing\\Exception\\RouteNotFoundException(code: 0): Route [cart.checkout] not defined. at D:/wamp64/www/migrate/crude/vendor/laravel/framework/src/Illuminate/Routing/UrlGenerator.php:477)
[stacktrace]
#0 D:/wamp64/www/migrate/crude/vendor/laravel/framework/src/Illuminate/Foundation/helpers.php(811): Illuminate/Routing/UrlGenerator->route('cart.checkout', Array, true)
#1 D:/wamp64/www/migrate/crude/storage/framework/views/462f8c0883229d14df26b37da21c064b.php(88): route('cart.checkout')
#2 D:/wamp64/www/migrate/crude/vendor/laravel/framework/src/Illuminate/Filesystem/Filesystem.php(123): require('D://wamp64//www//m...')
#3 D:/wamp64/www/migrate/crude/vendor/laravel/framework/src/Illuminate/Filesystem/Filesystem.php(124): Illuminate/Filesystem/Filesystem::{closure:Illuminate/Filesystem/Filesystem::getRequire():120}()
#4 D:/wamp64/www/migrate/crude/vendor/laravel/framework/src/Illuminate/View/Engines/PhpEngine.php(58): Illuminate/Filesystem/Filesystem->getRequire('D://wamp64//www//m...', Array)
#5 D:/wamp64/www/migrate/crude/vendor/laravel/framework/src/Illuminate/View/Engines/CompilerEngine.php(72): Illuminate/View/Engines/PhpEngine->evaluatePath('D://wamp64//www//m...', Array)
#6 D:/wamp64/www/migrate/crude/vendor/laravel/framework/src/Illuminate/View/View.php(207): Illuminate/View/Engines/CompilerEngine->get('D://wamp64//www//m...', Array)
#7 D:/wamp64/www/migrate/crude/vendor/laravel/framework/src/Illuminate/View/View.php(190): Illuminate/View/View->getContents()
#8 D:/wamp64/www/migrate/crude/vendor/laravel/framework/src/Illuminate/View/View.php(159): Illuminate/View/View->renderContents()
#9 D:/wamp64/www/migrate/crude/vendor/laravel/framework/src/Illuminate/Http/Response.php(69): Illuminate/View/View->render()
#10 D:/wamp64/www/migrate/crude/vendor/laravel/framework/src/Illuminate/Http/Response.php(35): Illuminate/Http/Response->setContent(Object(Illuminate/View/View))
#11 D:/wamp64/www/migrate/crude/vendor/laravel/framework/src/Illuminate/Routing/Router.php(918): Illuminate/Http/Response->__construct(Object(Illuminate/View/View), 200, Array)
#12 D:/wamp64/www/migrate/crude/vendor/laravel/framework/src/Illuminate/Routing/Router.php(885): Illuminate/Routing/Router::toResponse(Object(Illuminate/Http/Request), Object(Illuminate/View/View))
#13 D:/wamp64/www/migrate/crude/vendor/laravel/framework/src/Illuminate/Routing/Router.php(805): Illuminate/Routing/Router->prepareResponse(Object(Illuminate/Http/Request), Object(Illuminate/View/View))
#14 D:/wamp64/www/migrate/crude/vendor/laravel/framework/src/Illuminate/Pipeline/Pipeline.php(144): Illuminate/Routing/Router->{closure:Illuminate/Routing/Router::runRouteWithinStack():805}(Object(Illuminate/Http/Request))
#15 D:/wamp64/www/migrate/crude/app/Http/Middleware/CheckRole.php(23): Illuminate/Pipeline/Pipeline->{closure:Illuminate/Pipeline/Pipeline::prepareDestination():142}(Object(Illuminate/Http/Request))
#16 D:/wamp64/www/migrate/crude/vendor/laravel/framework/src/Illuminate/Pipeline/Pipeline.php(183): App/Http/Middleware/CheckRole->handle(Object(Illuminate/Http/Request), Object(Closure), 'client')
#17 D:/wamp64/www/migrate/crude/vendor/laravel/framework/src/Illuminate/Routing/Middleware/SubstituteBindings.php(50): Illuminate/Pipeline/Pipeline->{closure:{closure:Illuminate/Pipeline/Pipeline::carry():158}:159}(Object(Illuminate/Http/Request))
#18 D:/wamp64/www/migrate/crude/vendor/laravel/framework/src/Illuminate/Pipeline/Pipeline.php(183): Illuminate/Routing/Middleware/SubstituteBindings->handle(Object(Illuminate/Http/Request), Object(Closure))
#19 D:/wamp64/www/migrate/crude/vendor/laravel/framework/src/Illuminate/Auth/Middleware/Authenticate.php(57): Illuminate/Pipeline/Pipeline->{closure:{closure:Illuminate/Pipeline/Pipeline::carry():158}:159}(Object(Illuminate/Http/Request))
#20 D:/wamp64/www/migrate/crude/vendor/laravel/framework/src/Illuminate/Pipeline/Pipeline.php(183): Illuminate/Auth/Middleware/Authenticate->handle(Object(Illuminate/Http/Request), Object(Closure))
#21 D:/wamp64/www/migrate/crude/vendor/laravel/framework/src/Illuminate/Foundation/Http/Middleware/VerifyCsrfToken.php(78): Illuminate/Pipeline/Pipeline->{closure:{closure:Illuminate/Pipeline/Pipeline::carry():158}:159}(Object(Illuminate/Http/Request))
#22 D:/wamp64/www/migrate/crude/vendor/laravel/framework/src/Illuminate/Pipeline/Pipeline.php(183): Illuminate/Foundation/Http/Middleware/VerifyCsrfToken->handle(Object(Illuminate/Http/Request), Object(Closure))
#23 D:/wamp64/www/migrate/crude/vendor/laravel/framework/src/Illuminate/View/Middleware/ShareErrorsFromSession.php(49): Illuminate/Pipeline/Pipeline->{closure:{closure:Illuminate/Pipeline/Pipeline::carry():158}:159}(Object(Illuminate/Http/Request))
#24 D:/wamp64/www/migrate/crude/vendor/laravel/framework/src/Illuminate/Pipeline/Pipeline.php(183): Illuminate/View/Middleware/ShareErrorsFromSession->handle(Object(Illuminate/Http/Request), Object(Closure))
#25 D:/wamp64/www/migrate/crude/vendor/laravel/framework/src/Illuminate/Session/Middleware/StartSession.php(121): Illuminate/Pipeline/Pipeline->{closure:{closure:Illuminate/Pipeline/Pipeline::carry():158}:159}(Object(Illuminate/Http/Request))
#26 D:/wamp64/www/migrate/crude/vendor/laravel/framework/src/Illuminate/Session/Middleware/StartSession.php(64): Illuminate/Session/Middleware/StartSession->handleStatefulRequest(Object(Illuminate/Http/Request), Object(Illuminate/Session/Store), Object(Closure))
#27 D:/wamp64/www/migrate/crude/vendor/laravel/framework/src/Illuminate/Pipeline/Pipeline.php(183): Illuminate/Session/Middleware/StartSession->handle(Object(Illuminate/Http/Request), Object(Closure))
#28 D:/wamp64/www/migrate/crude/vendor/laravel/framework/src/Illuminate/Cookie/Middleware/AddQueuedCookiesToResponse.php(37): Illuminate/Pipeline/Pipeline->{closure:{closure:Illuminate/Pipeline/Pipeline::carry():158}:159}(Object(Illuminate/Http/Request))
#29 D:/wamp64/www/migrate/crude/vendor/laravel/framework/src/Illuminate/Pipeline/Pipeline.php(183): Illuminate/Cookie/Middleware/AddQueuedCookiesToResponse->handle(Object(Illuminate/Http/Request), Object(Closure))
#30 D:/wamp64/www/migrate/crude/vendor/laravel/framework/src/Illuminate/Cookie/Middleware/EncryptCookies.php(67): Illuminate/Pipeline/Pipeline->{closure:{closure:Illuminate/Pipeline/Pipeline::carry():158}:159}(Object(Illuminate/Http/Request))
#31 D:/wamp64/www/migrate/crude/vendor/laravel/framework/src/Illuminate/Pipeline/Pipeline.php(183): Illuminate/Cookie/Middleware/EncryptCookies->handle(Object(Illuminate/Http/Request), Object(Closure))
#32 D:/wamp64/www/migrate/crude/vendor/laravel/framework/src/Illuminate/Pipeline/Pipeline.php(119): Illuminate/Pipeline/Pipeline->{closure:{closure:Illuminate/Pipeline/Pipeline::carry():158}:159}(Object(Illuminate/Http/Request))
#33 D:/wamp64/www/migrate/crude/vendor/laravel/framework/src/Illuminate/Routing/Router.php(805): Illuminate/Pipeline/Pipeline->then(Object(Closure))
#34 D:/wamp64/www/migrate/crude/vendor/laravel/framework/src/Illuminate/Routing/Router.php(784): Illuminate/Routing/Router->runRouteWithinStack(Object(Illuminate/Routing/Route), Object(Illuminate/Http/Request))
#35 D:/wamp64/www/migrate/crude/vendor/laravel/framework/src/Illuminate/Routing/Router.php(748): Illuminate/Routing/Router->runRoute(Object(Illuminate/Http/Request), Object(Illuminate/Routing/Route))
#36 D:/wamp64/www/migrate/crude/vendor/laravel/framework/src/Illuminate/Routing/Router.php(737): Illuminate/Routing/Router->dispatchToRoute(Object(Illuminate/Http/Request))
#37 D:/wamp64/www/migrate/crude/vendor/laravel/framework/src/Illuminate/Foundation/Http/Kernel.php(200): Illuminate/Routing/Router->dispatch(Object(Illuminate/Http/Request))
#38 D:/wamp64/www/migrate/crude/vendor/laravel/framework/src/Illuminate/Pipeline/Pipeline.php(144): Illuminate/Foundation/Http/Kernel->{closure:Illuminate/Foundation/Http/Kernel::dispatchToRouter():197}(Object(Illuminate/Http/Request))
#39 D:/wamp64/www/migrate/crude/vendor/laravel/framework/src/Illuminate/Foundation/Http/Middleware/TransformsRequest.php(21): Illuminate/Pipeline/Pipeline->{closure:Illuminate/Pipeline/Pipeline::prepareDestination():142}(Object(Illuminate/Http/Request))
#40 D:/wamp64/www/migrate/crude/vendor/laravel/framework/src/Illuminate/Foundation/Http/Middleware/ConvertEmptyStringsToNull.php(31): Illuminate/Foundation/Http/Middleware/TransformsRequest->handle(Object(Illuminate/Http/Request), Object(Closure))
#41 D:/wamp64/www/migrate/crude/vendor/laravel/framework/src/Illuminate/Pipeline/Pipeline.php(183): Illuminate/Foundation/Http/Middleware/ConvertEmptyStringsToNull->handle(Object(Illuminate/Http/Request), Object(Closure))
#42 D:/wamp64/www/migrate/crude/vendor/laravel/framework/src/Illuminate/Foundation/Http/Middleware/TransformsRequest.php(21): Illuminate/Pipeline/Pipeline->{closure:{closure:Illuminate/Pipeline/Pipeline::carry():158}:159}(Object(Illuminate/Http/Request))
#43 D:/wamp64/www/migrate/crude/vendor/laravel/framework/src/Illuminate/Foundation/Http/Middleware/TrimStrings.php(40): Illuminate/Foundation/Http/Middleware/TransformsRequest->handle(Object(Illuminate/Http/Request), Object(Closure))
#44 D:/wamp64/www/migrate/crude/vendor/laravel/framework/src/Illuminate/Pipeline/Pipeline.php(183): Illuminate/Foundation/Http/Middleware/TrimStrings->handle(Object(Illuminate/Http/Request), Object(Closure))
#45 D:/wamp64/www/migrate/crude/vendor/laravel/framework/src/Illuminate/Foundation/Http/Middleware/ValidatePostSize.php(27): Illuminate/Pipeline/Pipeline->{closure:{closure:Illuminate/Pipeline/Pipeline::carry():158}:159}(Object(Illuminate/Http/Request))
#46 D:/wamp64/www/migrate/crude/vendor/laravel/framework/src/Illuminate/Pipeline/Pipeline.php(183): Illuminate/Foundation/Http/Middleware/ValidatePostSize->handle(Object(Illuminate/Http/Request), Object(Closure))
#47 D:/wamp64/www/migrate/crude/vendor/laravel/framework/src/Illuminate/Foundation/Http/Middleware/PreventRequestsDuringMaintenance.php(99): Illuminate/Pipeline/Pipeline->{closure:{closure:Illuminate/Pipeline/Pipeline::carry():158}:159}(Object(Illuminate/Http/Request))
#48 D:/wamp64/www/migrate/crude/vendor/laravel/framework/src/Illuminate/Pipeline/Pipeline.php(183): Illuminate/Foundation/Http/Middleware/PreventRequestsDuringMaintenance->handle(Object(Illuminate/Http/Request), Object(Closure))
#49 D:/wamp64/www/migrate/crude/vendor/laravel/framework/src/Illuminate/Http/Middleware/HandleCors.php(49): Illuminate/Pipeline/Pipeline->{closure:{closure:Illuminate/Pipeline/Pipeline::carry():158}:159}(Object(Illuminate/Http/Request))
#50 D:/wamp64/www/migrate/crude/vendor/laravel/framework/src/Illuminate/Pipeline/Pipeline.php(183): Illuminate/Http/Middleware/HandleCors->handle(Object(Illuminate/Http/Request), Object(Closure))
#51 D:/wamp64/www/migrate/crude/vendor/laravel/framework/src/Illuminate/Http/Middleware/TrustProxies.php(39): Illuminate/Pipeline/Pipeline->{closure:{closure:Illuminate/Pipeline/Pipeline::carry():158}:159}(Object(Illuminate/Http/Request))
#52 D:/wamp64/www/migrate/crude/vendor/laravel/framework/src/Illuminate/Pipeline/Pipeline.php(183): Illuminate/Http/Middleware/TrustProxies->handle(Object(Illuminate/Http/Request), Object(Closure))
#53 D:/wamp64/www/migrate/crude/vendor/laravel/framework/src/Illuminate/Pipeline/Pipeline.php(119): Illuminate/Pipeline/Pipeline->{closure:{closure:Illuminate/Pipeline/Pipeline::carry():158}:159}(Object(Illuminate/Http/Request))
#54 D:/wamp64/www/migrate/crude/vendor/laravel/framework/src/Illuminate/Foundation/Http/Kernel.php(175): Illuminate/Pipeline/Pipeline->then(Object(Closure))
#55 D:/wamp64/www/migrate/crude/vendor/laravel/framework/src/Illuminate/Foundation/Http/Kernel.php(144): Illuminate/Foundation/Http/Kernel->sendRequestThroughRouter(Object(Illuminate/Http/Request))
#56 D:/wamp64/www/migrate/crude/public/index.php(51): Illuminate/Foundation/Http/Kernel->handle(Object(Illuminate/Http/Request))
#57 D:/wamp64/www/migrate/crude/vendor/laravel/framework/src/Illuminate/Foundation/resources/server.php(16): require_once('D://wamp64//www//m...')
#58 {main}
"} 
[2026-07-14 05:28:03] local.ERROR: Undefined variable $categories {"view":{"view":"D:\\wamp64\\www\\migrate\\crude\\resources\\views\\layouts\\app.blade.php","data":{"errors":"<pre class=sf-dump id=sf-dump-736696206 data-indent-pad=\"  \"><span class=sf-dump-note>Illuminate\\Support\\ViewErrorBag</span> {<a class=sf-dump-ref>#1052</a><samp data-depth=1 class=sf-dump-expanded>
  #<span class=sf-dump-protected title=\"Protected property\">bags</span>: []
</samp>}
</pre><script>Sfdump(\"sf-dump-736696206\", {\"maxDepth\":3,\"maxStringLength\":160})</script>
","cart":"<pre class=sf-dump id=sf-dump-1200297629 data-indent-pad=\"  \"><span class=sf-dump-note>array:1</span> [<samp data-depth=1 class=sf-dump-expanded>
  <span class=sf-dump-key>1</span> => <span class=sf-dump-note>array:6</span> [<samp data-depth=2 class=sf-dump-compact>
    \"<span class=sf-dump-key>id</span>\" => <span class=sf-dump-num>1</span>
    \"<span class=sf-dump-key>name</span>\" => \"<span class=sf-dump-str title=\"12 characters\">Jada Morales</span>\"
    \"<span class=sf-dump-key>quantity</span>\" => <span class=sf-dump-num>1</span>
    \"<span class=sf-dump-key>price</span>\" => \"<span class=sf-dump-str title=\"6 characters\">403.00</span>\"
    \"<span class=sf-dump-key>size</span>\" => <span class=sf-dump-const>null</span>
    \"<span class=sf-dump-key>image</span>\" => \"<span class=sf-dump-str title=\"53 characters\">products/gmDrgNutj4eDaPswzi87DTfXtFsTKf0qWz5ZtGLU.jpg</span>\"
  </samp>]
</samp>]
</pre><script>Sfdump(\"sf-dump-1200297629\", {\"maxDepth\":3,\"maxStringLength\":160})</script>
","total":"<pre class=sf-dump id=sf-dump-133254330 data-indent-pad=\"  \"><span class=sf-dump-num>403.0</span>
</pre><script>Sfdump(\"sf-dump-133254330\", {\"maxDepth\":3,\"maxStringLength\":160})</script>
","__currentLoopData":"<pre class=sf-dump id=sf-dump-1886527371 data-indent-pad=\"  \"><span class=sf-dump-note>array:1</span> [<samp data-depth=1 class=sf-dump-expanded>
  <span class=sf-dump-key>1</span> => <span class=sf-dump-note>array:6</span> [<samp data-depth=2 class=sf-dump-compact>
    \"<span class=sf-dump-key>id</span>\" => <span class=sf-dump-num>1</span>
    \"<span class=sf-dump-key>name</span>\" => \"<span class=sf-dump-str title=\"12 characters\">Jada Morales</span>\"
    \"<span class=sf-dump-key>quantity</span>\" => <span class=sf-dump-num>1</span>
    \"<span class=sf-dump-key>price</span>\" => \"<span class=sf-dump-str title=\"6 characters\">403.00</span>\"
    \"<span class=sf-dump-key>size</span>\" => <span class=sf-dump-const>null</span>
    \"<span class=sf-dump-key>image</span>\" => \"<span class=sf-dump-str title=\"53 characters\">products/gmDrgNutj4eDaPswzi87DTfXtFsTKf0qWz5ZtGLU.jpg</span>\"
  </samp>]
</samp>]
</pre><script>Sfdump(\"sf-dump-1886527371\", {\"maxDepth\":3,\"maxStringLength\":160})</script>
","details":"<pre class=sf-dump id=sf-dump-1219834531 data-indent-pad=\"  \"><span class=sf-dump-note>array:6</span> [<samp data-depth=1 class=sf-dump-expanded>
  \"<span class=sf-dump-key>id</span>\" => <span class=sf-dump-num>1</span>
  \"<span class=sf-dump-key>name</span>\" => \"<span class=sf-dump-str title=\"12 characters\">Jada Morales</span>\"
  \"<span class=sf-dump-key>quantity</span>\" => <span class=sf-dump-num>1</span>
  \"<span class=sf-dump-key>price</span>\" => \"<span class=sf-dump-str title=\"6 characters\">403.00</span>\"
  \"<span class=sf-dump-key>size</span>\" => <span class=sf-dump-const>null</span>
  \"<span class=sf-dump-key>image</span>\" => \"<span class=sf-dump-str title=\"53 characters\">products/gmDrgNutj4eDaPswzi87DTfXtFsTKf0qWz5ZtGLU.jpg</span>\"
</samp>]
</pre><script>Sfdump(\"sf-dump-1219834531\", {\"maxDepth\":3,\"maxStringLength\":160})</script>
","key":"<pre class=sf-dump id=sf-dump-20491337 data-indent-pad=\"  \"><span class=sf-dump-num>1</span>
</pre><script>Sfdump(\"sf-dump-20491337\", {\"maxDepth\":3,\"maxStringLength\":160})</script>
","loop":"<pre class=sf-dump id=sf-dump-1907945026 data-indent-pad=\"  \"><span class=sf-dump-const>null</span>
</pre><script>Sfdump(\"sf-dump-1907945026\", {\"maxDepth\":3,\"maxStringLength\":160})</script>
","rowSubtotal":"<pre class=sf-dump id=sf-dump-673567390 data-indent-pad=\"  \"><span class=sf-dump-num>403.0</span>
</pre><script>Sfdump(\"sf-dump-673567390\", {\"maxDepth\":3,\"maxStringLength\":160})</script>
"}},"userId":2,"exception":"[object] (Spatie\\LaravelIgnition\\Exceptions\\ViewException(code: 0): Undefined variable $categories at D:/wamp64/www/migrate/crude/resources/views/layouts/app.blade.php:84)
[stacktrace]
#0 D:/wamp64/www/migrate/crude/vendor/laravel/framework/src/Illuminate/Filesystem/Filesystem.php(123): require('D://wamp64//www//m...')
#1 D:/wamp64/www/migrate/crude/vendor/laravel/framework/src/Illuminate/Filesystem/Filesystem.php(124): Illuminate/Filesystem/Filesystem::{closure:Illuminate/Filesystem/Filesystem::getRequire():120}()
#2 D:/wamp64/www/migrate/crude/vendor/laravel/framework/src/Illuminate/View/Engines/PhpEngine.php(58): Illuminate/Filesystem/Filesystem->getRequire('D://wamp64//www//m...', Array)
#3 D:/wamp64/www/migrate/crude/vendor/laravel/framework/src/Illuminate/View/Engines/CompilerEngine.php(72): Illuminate/View/Engines/PhpEngine->evaluatePath('D://wamp64//www//m...', Array)
#4 D:/wamp64/www/migrate/crude/vendor/laravel/framework/src/Illuminate/View/View.php(207): Illuminate/View/Engines/CompilerEngine->get('D://wamp64//www//m...', Array)
#5 D:/wamp64/www/migrate/crude/vendor/laravel/framework/src/Illuminate/View/View.php(190): Illuminate/View/View->getContents()
#6 D:/wamp64/www/migrate/crude/vendor/laravel/framework/src/Illuminate/View/View.php(159): Illuminate/View/View->renderContents()
#7 D:/wamp64/www/migrate/crude/resources/views/cart/index.blade.php(172): Illuminate/View/View->render()
#8 D:/wamp64/www/migrate/crude/vendor/laravel/framework/src/Illuminate/Filesystem/Filesystem.php(123): require('D://wamp64//www//m...')
#9 D:/wamp64/www/migrate/crude/vendor/laravel/framework/src/Illuminate/Filesystem/Filesystem.php(124): Illuminate/Filesystem/Filesystem::{closure:Illuminate/Filesystem/Filesystem::getRequire():120}()
#10 D:/wamp64/www/migrate/crude/vendor/laravel/framework/src/Illuminate/View/Engines/PhpEngine.php(58): Illuminate/Filesystem/Filesystem->getRequire('D://wamp64//www//m...', Array)
#11 D:/wamp64/www/migrate/crude/vendor/laravel/framework/src/Illuminate/View/Engines/CompilerEngine.php(72): Illuminate/View/Engines/PhpEngine->evaluatePath('D://wamp64//www//m...', Array)
#12 D:/wamp64/www/migrate/crude/vendor/laravel/framework/src/Illuminate/View/View.php(207): Illuminate/View/Engines/CompilerEngine->get('D://wamp64//www//m...', Array)
#13 D:/wamp64/www/migrate/crude/vendor/laravel/framework/src/Illuminate/View/View.php(190): Illuminate/View/View->getContents()
#14 D:/wamp64/www/migrate/crude/vendor/laravel/framework/src/Illuminate/View/View.php(159): Illuminate/View/View->renderContents()
#15 D:/wamp64/www/migrate/crude/vendor/laravel/framework/src/Illuminate/Http/Response.php(69): Illuminate/View/View->render()
#16 D:/wamp64/www/migrate/crude/vendor/laravel/framework/src/Illuminate/Http/Response.php(35): Illuminate/Http/Response->setContent(Object(Illuminate/View/View))
#17 D:/wamp64/www/migrate/crude/vendor/laravel/framework/src/Illuminate/Routing/Router.php(918): Illuminate/Http/Response->__construct(Object(Illuminate/View/View), 200, Array)
#18 D:/wamp64/www/migrate/crude/vendor/laravel/framework/src/Illuminate/Routing/Router.php(885): Illuminate/Routing/Router::toResponse(Object(Illuminate/Http/Request), Object(Illuminate/View/View))
#19 D:/wamp64/www/migrate/crude/vendor/laravel/framework/src/Illuminate/Routing/Router.php(805): Illuminate/Routing/Router->prepareResponse(Object(Illuminate/Http/Request), Object(Illuminate/View/View))
#20 D:/wamp64/www/migrate/crude/vendor/laravel/framework/src/Illuminate/Pipeline/Pipeline.php(144): Illuminate/Routing/Router->{closure:Illuminate/Routing/Router::runRouteWithinStack():805}(Object(Illuminate/Http/Request))
#21 D:/wamp64/www/migrate/crude/app/Http/Middleware/CheckRole.php(23): Illuminate/Pipeline/Pipeline->{closure:Illuminate/Pipeline/Pipeline::prepareDestination():142}(Object(Illuminate/Http/Request))
#22 D:/wamp64/www/migrate/crude/vendor/laravel/framework/src/Illuminate/Pipeline/Pipeline.php(183): App/Http/Middleware/CheckRole->handle(Object(Illuminate/Http/Request), Object(Closure), 'client')
#23 D:/wamp64/www/migrate/crude/vendor/laravel/framework/src/Illuminate/Routing/Middleware/SubstituteBindings.php(50): Illuminate/Pipeline/Pipeline->{closure:{closure:Illuminate/Pipeline/Pipeline::carry():158}:159}(Object(Illuminate/Http/Request))
#24 D:/wamp64/www/migrate/crude/vendor/laravel/framework/src/Illuminate/Pipeline/Pipeline.php(183): Illuminate/Routing/Middleware/SubstituteBindings->handle(Object(Illuminate/Http/Request), Object(Closure))
#25 D:/wamp64/www/migrate/crude/vendor/laravel/framework/src/Illuminate/Auth/Middleware/Authenticate.php(57): Illuminate/Pipeline/Pipeline->{closure:{closure:Illuminate/Pipeline/Pipeline::carry():158}:159}(Object(Illuminate/Http/Request))
#26 D:/wamp64/www/migrate/crude/vendor/laravel/framework/src/Illuminate/Pipeline/Pipeline.php(183): Illuminate/Auth/Middleware/Authenticate->handle(Object(Illuminate/Http/Request), Object(Closure))
#27 D:/wamp64/www/migrate/crude/vendor/laravel/framework/src/Illuminate/Foundation/Http/Middleware/VerifyCsrfToken.php(78): Illuminate/Pipeline/Pipeline->{closure:{closure:Illuminate/Pipeline/Pipeline::carry():158}:159}(Object(Illuminate/Http/Request))
#28 D:/wamp64/www/migrate/crude/vendor/laravel/framework/src/Illuminate/Pipeline/Pipeline.php(183): Illuminate/Foundation/Http/Middleware/VerifyCsrfToken->handle(Object(Illuminate/Http/Request), Object(Closure))
#29 D:/wamp64/www/migrate/crude/vendor/laravel/framework/src/Illuminate/View/Middleware/ShareErrorsFromSession.php(49): Illuminate/Pipeline/Pipeline->{closure:{closure:Illuminate/Pipeline/Pipeline::carry():158}:159}(Object(Illuminate/Http/Request))
#30 D:/wamp64/www/migrate/crude/vendor/laravel/framework/src/Illuminate/Pipeline/Pipeline.php(183): Illuminate/View/Middleware/ShareErrorsFromSession->handle(Object(Illuminate/Http/Request), Object(Closure))
#31 D:/wamp64/www/migrate/crude/vendor/laravel/framework/src/Illuminate/Session/Middleware/StartSession.php(121): Illuminate/Pipeline/Pipeline->{closure:{closure:Illuminate/Pipeline/Pipeline::carry():158}:159}(Object(Illuminate/Http/Request))
#32 D:/wamp64/www/migrate/crude/vendor/laravel/framework/src/Illuminate/Session/Middleware/StartSession.php(64): Illuminate/Session/Middleware/StartSession->handleStatefulRequest(Object(Illuminate/Http/Request), Object(Illuminate/Session/Store), Object(Closure))
#33 D:/wamp64/www/migrate/crude/vendor/laravel/framework/src/Illuminate/Pipeline/Pipeline.php(183): Illuminate/Session/Middleware/StartSession->handle(Object(Illuminate/Http/Request), Object(Closure))
#34 D:/wamp64/www/migrate/crude/vendor/laravel/framework/src/Illuminate/Cookie/Middleware/AddQueuedCookiesToResponse.php(37): Illuminate/Pipeline/Pipeline->{closure:{closure:Illuminate/Pipeline/Pipeline::carry():158}:159}(Object(Illuminate/Http/Request))
#35 D:/wamp64/www/migrate/crude/vendor/laravel/framework/src/Illuminate/Pipeline/Pipeline.php(183): Illuminate/Cookie/Middleware/AddQueuedCookiesToResponse->handle(Object(Illuminate/Http/Request), Object(Closure))
#36 D:/wamp64/www/migrate/crude/vendor/laravel/framework/src/Illuminate/Cookie/Middleware/EncryptCookies.php(67): Illuminate/Pipeline/Pipeline->{closure:{closure:Illuminate/Pipeline/Pipeline::carry():158}:159}(Object(Illuminate/Http/Request))
#37 D:/wamp64/www/migrate/crude/vendor/laravel/framework/src/Illuminate/Pipeline/Pipeline.php(183): Illuminate/Cookie/Middleware/EncryptCookies->handle(Object(Illuminate/Http/Request), Object(Closure))
#38 D:/wamp64/www/migrate/crude/vendor/laravel/framework/src/Illuminate/Pipeline/Pipeline.php(119): Illuminate/Pipeline/Pipeline->{closure:{closure:Illuminate/Pipeline/Pipeline::carry():158}:159}(Object(Illuminate/Http/Request))
#39 D:/wamp64/www/migrate/crude/vendor/laravel/framework/src/Illuminate/Routing/Router.php(805): Illuminate/Pipeline/Pipeline->then(Object(Closure))
#40 D:/wamp64/www/migrate/crude/vendor/laravel/framework/src/Illuminate/Routing/Router.php(784): Illuminate/Routing/Router->runRouteWithinStack(Object(Illuminate/Routing/Route), Object(Illuminate/Http/Request))
#41 D:/wamp64/www/migrate/crude/vendor/laravel/framework/src/Illuminate/Routing/Router.php(748): Illuminate/Routing/Router->runRoute(Object(Illuminate/Http/Request), Object(Illuminate/Routing/Route))
#42 D:/wamp64/www/migrate/crude/vendor/laravel/framework/src/Illuminate/Routing/Router.php(737): Illuminate/Routing/Router->dispatchToRoute(Object(Illuminate/Http/Request))
#43 D:/wamp64/www/migrate/crude/vendor/laravel/framework/src/Illuminate/Foundation/Http/Kernel.php(200): Illuminate/Routing/Router->dispatch(Object(Illuminate/Http/Request))
#44 D:/wamp64/www/migrate/crude/vendor/laravel/framework/src/Illuminate/Pipeline/Pipeline.php(144): Illuminate/Foundation/Http/Kernel->{closure:Illuminate/Foundation/Http/Kernel::dispatchToRouter():197}(Object(Illuminate/Http/Request))
#45 D:/wamp64/www/migrate/crude/vendor/laravel/framework/src/Illuminate/Foundation/Http/Middleware/TransformsRequest.php(21): Illuminate/Pipeline/Pipeline->{closure:Illuminate/Pipeline/Pipeline::prepareDestination():142}(Object(Illuminate/Http/Request))
#46 D:/wamp64/www/migrate/crude/vendor/laravel/framework/src/Illuminate/Foundation/Http/Middleware/ConvertEmptyStringsToNull.php(31): Illuminate/Foundation/Http/Middleware/TransformsRequest->handle(Object(Illuminate/Http/Request), Object(Closure))
#47 D:/wamp64/www/migrate/crude/vendor/laravel/framework/src/Illuminate/Pipeline/Pipeline.php(183): Illuminate/Foundation/Http/Middleware/ConvertEmptyStringsToNull->handle(Object(Illuminate/Http/Request), Object(Closure))
#48 D:/wamp64/www/migrate/crude/vendor/laravel/framework/src/Illuminate/Foundation/Http/Middleware/TransformsRequest.php(21): Illuminate/Pipeline/Pipeline->{closure:{closure:Illuminate/Pipeline/Pipeline::carry():158}:159}(Object(Illuminate/Http/Request))
#49 D:/wamp64/www/migrate/crude/vendor/laravel/framework/src/Illuminate/Foundation/Http/Middleware/TrimStrings.php(40): Illuminate/Foundation/Http/Middleware/TransformsRequest->handle(Object(Illuminate/Http/Request), Object(Closure))
#50 D:/wamp64/www/migrate/crude/vendor/laravel/framework/src/Illuminate/Pipeline/Pipeline.php(183): Illuminate/Foundation/Http/Middleware/TrimStrings->handle(Object(Illuminate/Http/Request), Object(Closure))
#51 D:/wamp64/www/migrate/crude/vendor/laravel/framework/src/Illuminate/Foundation/Http/Middleware/ValidatePostSize.php(27): Illuminate/Pipeline/Pipeline->{closure:{closure:Illuminate/Pipeline/Pipeline::carry():158}:159}(Object(Illuminate/Http/Request))
#52 D:/wamp64/www/migrate/crude/vendor/laravel/framework/src/Illuminate/Pipeline/Pipeline.php(183): Illuminate/Foundation/Http/Middleware/ValidatePostSize->handle(Object(Illuminate/Http/Request), Object(Closure))
#53 D:/wamp64/www/migrate/crude/vendor/laravel/framework/src/Illuminate/Foundation/Http/Middleware/PreventRequestsDuringMaintenance.php(99): Illuminate/Pipeline/Pipeline->{closure:{closure:Illuminate/Pipeline/Pipeline::carry():158}:159}(Object(Illuminate/Http/Request))
#54 D:/wamp64/www/migrate/crude/vendor/laravel/framework/src/Illuminate/Pipeline/Pipeline.php(183): Illuminate/Foundation/Http/Middleware/PreventRequestsDuringMaintenance->handle(Object(Illuminate/Http/Request), Object(Closure))
#55 D:/wamp64/www/migrate/crude/vendor/laravel/framework/src/Illuminate/Http/Middleware/HandleCors.php(49): Illuminate/Pipeline/Pipeline->{closure:{closure:Illuminate/Pipeline/Pipeline::carry():158}:159}(Object(Illuminate/Http/Request))
#56 D:/wamp64/www/migrate/crude/vendor/laravel/framework/src/Illuminate/Pipeline/Pipeline.php(183): Illuminate/Http/Middleware/HandleCors->handle(Object(Illuminate/Http/Request), Object(Closure))
#57 D:/wamp64/www/migrate/crude/vendor/laravel/framework/src/Illuminate/Http/Middleware/TrustProxies.php(39): Illuminate/Pipeline/Pipeline->{closure:{closure:Illuminate/Pipeline/Pipeline::carry():158}:159}(Object(Illuminate/Http/Request))
#58 D:/wamp64/www/migrate/crude/vendor/laravel/framework/src/Illuminate/Pipeline/Pipeline.php(183): Illuminate/Http/Middleware/TrustProxies->handle(Object(Illuminate/Http/Request), Object(Closure))
#59 D:/wamp64/www/migrate/crude/vendor/laravel/framework/src/Illuminate/Pipeline/Pipeline.php(119): Illuminate/Pipeline/Pipeline->{closure:{closure:Illuminate/Pipeline/Pipeline::carry():158}:159}(Object(Illuminate/Http/Request))
#60 D:/wamp64/www/migrate/crude/vendor/laravel/framework/src/Illuminate/Foundation/Http/Kernel.php(175): Illuminate/Pipeline/Pipeline->then(Object(Closure))
#61 D:/wamp64/www/migrate/crude/vendor/laravel/framework/src/Illuminate/Foundation/Http/Kernel.php(144): Illuminate/Foundation/Http/Kernel->sendRequestThroughRouter(Object(Illuminate/Http/Request))
#62 D:/wamp64/www/migrate/crude/public/index.php(51): Illuminate/Foundation/Http/Kernel->handle(Object(Illuminate/Http/Request))
#63 D:/wamp64/www/migrate/crude/vendor/laravel/framework/src/Illuminate/Foundation/resources/server.php(16): require_once('D://wamp64//www//m...')
#64 {main}

[previous exception] [object] (ErrorException(code: 0): Undefined variable $categories at D:/wamp64/www/migrate/crude/storage/framework/views/9721a413d5f57705e21157bb8cd30dd2.php:84)
[stacktrace]
#0 D:/wamp64/www/migrate/crude/vendor/laravel/framework/src/Illuminate/Foundation/Bootstrap/HandleExceptions.php(255): Illuminate/Foundation/Bootstrap/HandleExceptions->handleError(2, 'Undefined varia...', 'D://wamp64//www//m...', 84)
#1 D:/wamp64/www/migrate/crude/storage/framework/views/9721a413d5f57705e21157bb8cd30dd2.php(84): Illuminate/Foundation/Bootstrap/HandleExceptions->{closure:Illuminate/Foundation/Bootstrap/HandleExceptions::forwardsTo():254}(2, 'Undefined varia...', 'D://wamp64//www//m...', 84)
#2 D:/wamp64/www/migrate/crude/vendor/laravel/framework/src/Illuminate/Filesystem/Filesystem.php(123): require('D://wamp64//www//m...')
#3 D:/wamp64/www/migrate/crude/vendor/laravel/framework/src/Illuminate/Filesystem/Filesystem.php(124): Illuminate/Filesystem/Filesystem::{closure:Illuminate/Filesystem/Filesystem::getRequire():120}()
#4 D:/wamp64/www/migrate/crude/vendor/laravel/framework/src/Illuminate/View/Engines/PhpEngine.php(58): Illuminate/Filesystem/Filesystem->getRequire('D://wamp64//www//m...', Array)
#5 D:/wamp64/www/migrate/crude/vendor/laravel/framework/src/Illuminate/View/Engines/CompilerEngine.php(72): Illuminate/View/Engines/PhpEngine->evaluatePath('D://wamp64//www//m...', Array)
#6 D:/wamp64/www/migrate/crude/vendor/laravel/framework/src/Illuminate/View/View.php(207): Illuminate/View/Engines/CompilerEngine->get('D://wamp64//www//m...', Array)
#7 D:/wamp64/www/migrate/crude/vendor/laravel/framework/src/Illuminate/View/View.php(190): Illuminate/View/View->getContents()
#8 D:/wamp64/www/migrate/crude/vendor/laravel/framework/src/Illuminate/View/View.php(159): Illuminate/View/View->renderContents()
#9 D:/wamp64/www/migrate/crude/storage/framework/views/462f8c0883229d14df26b37da21c064b.php(173): Illuminate/View/View->render()
#10 D:/wamp64/www/migrate/crude/vendor/laravel/framework/src/Illuminate/Filesystem/Filesystem.php(123): require('D://wamp64//www//m...')
#11 D:/wamp64/www/migrate/crude/vendor/laravel/framework/src/Illuminate/Filesystem/Filesystem.php(124): Illuminate/Filesystem/Filesystem::{closure:Illuminate/Filesystem/Filesystem::getRequire():120}()
#12 D:/wamp64/www/migrate/crude/vendor/laravel/framework/src/Illuminate/View/Engines/PhpEngine.php(58): Illuminate/Filesystem/Filesystem->getRequire('D://wamp64//www//m...', Array)
#13 D:/wamp64/www/migrate/crude/vendor/laravel/framework/src/Illuminate/View/Engines/CompilerEngine.php(72): Illuminate/View/Engines/PhpEngine->evaluatePath('D://wamp64//www//m...', Array)
#14 D:/wamp64/www/migrate/crude/vendor/laravel/framework/src/Illuminate/View/View.php(207): Illuminate/View/Engines/CompilerEngine->get('D://wamp64//www//m...', Array)
#15 D:/wamp64/www/migrate/crude/vendor/laravel/framework/src/Illuminate/View/View.php(190): Illuminate/View/View->getContents()
#16 D:/wamp64/www/migrate/crude/vendor/laravel/framework/src/Illuminate/View/View.php(159): Illuminate/View/View->renderContents()
#17 D:/wamp64/www/migrate/crude/vendor/laravel/framework/src/Illuminate/Http/Response.php(69): Illuminate/View/View->render()
#18 D:/wamp64/www/migrate/crude/vendor/laravel/framework/src/Illuminate/Http/Response.php(35): Illuminate/Http/Response->setContent(Object(Illuminate/View/View))
#19 D:/wamp64/www/migrate/crude/vendor/laravel/framework/src/Illuminate/Routing/Router.php(918): Illuminate/Http/Response->__construct(Object(Illuminate/View/View), 200, Array)
#20 D:/wamp64/www/migrate/crude/vendor/laravel/framework/src/Illuminate/Routing/Router.php(885): Illuminate/Routing/Router::toResponse(Object(Illuminate/Http/Request), Object(Illuminate/View/View))
#21 D:/wamp64/www/migrate/crude/vendor/laravel/framework/src/Illuminate/Routing/Router.php(805): Illuminate/Routing/Router->prepareResponse(Object(Illuminate/Http/Request), Object(Illuminate/View/View))
#22 D:/wamp64/www/migrate/crude/vendor/laravel/framework/src/Illuminate/Pipeline/Pipeline.php(144): Illuminate/Routing/Router->{closure:Illuminate/Routing/Router::runRouteWithinStack():805}(Object(Illuminate/Http/Request))
#23 D:/wamp64/www/migrate/crude/app/Http/Middleware/CheckRole.php(23): Illuminate/Pipeline/Pipeline->{closure:Illuminate/Pipeline/Pipeline::prepareDestination():142}(Object(Illuminate/Http/Request))
#24 D:/wamp64/www/migrate/crude/vendor/laravel/framework/src/Illuminate/Pipeline/Pipeline.php(183): App/Http/Middleware/CheckRole->handle(Object(Illuminate/Http/Request), Object(Closure), 'client')
#25 D:/wamp64/www/migrate/crude/vendor/laravel/framework/src/Illuminate/Routing/Middleware/SubstituteBindings.php(50): Illuminate/Pipeline/Pipeline->{closure:{closure:Illuminate/Pipeline/Pipeline::carry():158}:159}(Object(Illuminate/Http/Request))
#26 D:/wamp64/www/migrate/crude/vendor/laravel/framework/src/Illuminate/Pipeline/Pipeline.php(183): Illuminate/Routing/Middleware/SubstituteBindings->handle(Object(Illuminate/Http/Request), Object(Closure))
#27 D:/wamp64/www/migrate/crude/vendor/laravel/framework/src/Illuminate/Auth/Middleware/Authenticate.php(57): Illuminate/Pipeline/Pipeline->{closure:{closure:Illuminate/Pipeline/Pipeline::carry():158}:159}(Object(Illuminate/Http/Request))
#28 D:/wamp64/www/migrate/crude/vendor/laravel/framework/src/Illuminate/Pipeline/Pipeline.php(183): Illuminate/Auth/Middleware/Authenticate->handle(Object(Illuminate/Http/Request), Object(Closure))
#29 D:/wamp64/www/migrate/crude/vendor/laravel/framework/src/Illuminate/Foundation/Http/Middleware/VerifyCsrfToken.php(78): Illuminate/Pipeline/Pipeline->{closure:{closure:Illuminate/Pipeline/Pipeline::carry():158}:159}(Object(Illuminate/Http/Request))
#30 D:/wamp64/www/migrate/crude/vendor/laravel/framework/src/Illuminate/Pipeline/Pipeline.php(183): Illuminate/Foundation/Http/Middleware/VerifyCsrfToken->handle(Object(Illuminate/Http/Request), Object(Closure))
#31 D:/wamp64/www/migrate/crude/vendor/laravel/framework/src/Illuminate/View/Middleware/ShareErrorsFromSession.php(49): Illuminate/Pipeline/Pipeline->{closure:{closure:Illuminate/Pipeline/Pipeline::carry():158}:159}(Object(Illuminate/Http/Request))
#32 D:/wamp64/www/migrate/crude/vendor/laravel/framework/src/Illuminate/Pipeline/Pipeline.php(183): Illuminate/View/Middleware/ShareErrorsFromSession->handle(Object(Illuminate/Http/Request), Object(Closure))
#33 D:/wamp64/www/migrate/crude/vendor/laravel/framework/src/Illuminate/Session/Middleware/StartSession.php(121): Illuminate/Pipeline/Pipeline->{closure:{closure:Illuminate/Pipeline/Pipeline::carry():158}:159}(Object(Illuminate/Http/Request))
#34 D:/wamp64/www/migrate/crude/vendor/laravel/framework/src/Illuminate/Session/Middleware/StartSession.php(64): Illuminate/Session/Middleware/StartSession->handleStatefulRequest(Object(Illuminate/Http/Request), Object(Illuminate/Session/Store), Object(Closure))
#35 D:/wamp64/www/migrate/crude/vendor/laravel/framework/src/Illuminate/Pipeline/Pipeline.php(183): Illuminate/Session/Middleware/StartSession->handle(Object(Illuminate/Http/Request), Object(Closure))
#36 D:/wamp64/www/migrate/crude/vendor/laravel/framework/src/Illuminate/Cookie/Middleware/AddQueuedCookiesToResponse.php(37): Illuminate/Pipeline/Pipeline->{closure:{closure:Illuminate/Pipeline/Pipeline::carry():158}:159}(Object(Illuminate/Http/Request))
#37 D:/wamp64/www/migrate/crude/vendor/laravel/framework/src/Illuminate/Pipeline/Pipeline.php(183): Illuminate/Cookie/Middleware/AddQueuedCookiesToResponse->handle(Object(Illuminate/Http/Request), Object(Closure))
#38 D:/wamp64/www/migrate/crude/vendor/laravel/framework/src/Illuminate/Cookie/Middleware/EncryptCookies.php(67): Illuminate/Pipeline/Pipeline->{closure:{closure:Illuminate/Pipeline/Pipeline::carry():158}:159}(Object(Illuminate/Http/Request))
#39 D:/wamp64/www/migrate/crude/vendor/laravel/framework/src/Illuminate/Pipeline/Pipeline.php(183): Illuminate/Cookie/Middleware/EncryptCookies->handle(Object(Illuminate/Http/Request), Object(Closure))
#40 D:/wamp64/www/migrate/crude/vendor/laravel/framework/src/Illuminate/Pipeline/Pipeline.php(119): Illuminate/Pipeline/Pipeline->{closure:{closure:Illuminate/Pipeline/Pipeline::carry():158}:159}(Object(Illuminate/Http/Request))
#41 D:/wamp64/www/migrate/crude/vendor/laravel/framework/src/Illuminate/Routing/Router.php(805): Illuminate/Pipeline/Pipeline->then(Object(Closure))
#42 D:/wamp64/www/migrate/crude/vendor/laravel/framework/src/Illuminate/Routing/Router.php(784): Illuminate/Routing/Router->runRouteWithinStack(Object(Illuminate/Routing/Route), Object(Illuminate/Http/Request))
#43 D:/wamp64/www/migrate/crude/vendor/laravel/framework/src/Illuminate/Routing/Router.php(748): Illuminate/Routing/Router->runRoute(Object(Illuminate/Http/Request), Object(Illuminate/Routing/Route))
#44 D:/wamp64/www/migrate/crude/vendor/laravel/framework/src/Illuminate/Routing/Router.php(737): Illuminate/Routing/Router->dispatchToRoute(Object(Illuminate/Http/Request))
#45 D:/wamp64/www/migrate/crude/vendor/laravel/framework/src/Illuminate/Foundation/Http/Kernel.php(200): Illuminate/Routing/Router->dispatch(Object(Illuminate/Http/Request))
#46 D:/wamp64/www/migrate/crude/vendor/laravel/framework/src/Illuminate/Pipeline/Pipeline.php(144): Illuminate/Foundation/Http/Kernel->{closure:Illuminate/Foundation/Http/Kernel::dispatchToRouter():197}(Object(Illuminate/Http/Request))
#47 D:/wamp64/www/migrate/crude/vendor/laravel/framework/src/Illuminate/Foundation/Http/Middleware/TransformsRequest.php(21): Illuminate/Pipeline/Pipeline->{closure:Illuminate/Pipeline/Pipeline::prepareDestination():142}(Object(Illuminate/Http/Request))
#48 D:/wamp64/www/migrate/crude/vendor/laravel/framework/src/Illuminate/Foundation/Http/Middleware/ConvertEmptyStringsToNull.php(31): Illuminate/Foundation/Http/Middleware/TransformsRequest->handle(Object(Illuminate/Http/Request), Object(Closure))
#49 D:/wamp64/www/migrate/crude/vendor/laravel/framework/src/Illuminate/Pipeline/Pipeline.php(183): Illuminate/Foundation/Http/Middleware/ConvertEmptyStringsToNull->handle(Object(Illuminate/Http/Request), Object(Closure))
#50 D:/wamp64/www/migrate/crude/vendor/laravel/framework/src/Illuminate/Foundation/Http/Middleware/TransformsRequest.php(21): Illuminate/Pipeline/Pipeline->{closure:{closure:Illuminate/Pipeline/Pipeline::carry():158}:159}(Object(Illuminate/Http/Request))
#51 D:/wamp64/www/migrate/crude/vendor/laravel/framework/src/Illuminate/Foundation/Http/Middleware/TrimStrings.php(40): Illuminate/Foundation/Http/Middleware/TransformsRequest->handle(Object(Illuminate/Http/Request), Object(Closure))
#52 D:/wamp64/www/migrate/crude/vendor/laravel/framework/src/Illuminate/Pipeline/Pipeline.php(183): Illuminate/Foundation/Http/Middleware/TrimStrings->handle(Object(Illuminate/Http/Request), Object(Closure))
#53 D:/wamp64/www/migrate/crude/vendor/laravel/framework/src/Illuminate/Foundation/Http/Middleware/ValidatePostSize.php(27): Illuminate/Pipeline/Pipeline->{closure:{closure:Illuminate/Pipeline/Pipeline::carry():158}:159}(Object(Illuminate/Http/Request))
#54 D:/wamp64/www/migrate/crude/vendor/laravel/framework/src/Illuminate/Pipeline/Pipeline.php(183): Illuminate/Foundation/Http/Middleware/ValidatePostSize->handle(Object(Illuminate/Http/Request), Object(Closure))
#55 D:/wamp64/www/migrate/crude/vendor/laravel/framework/src/Illuminate/Foundation/Http/Middleware/PreventRequestsDuringMaintenance.php(99): Illuminate/Pipeline/Pipeline->{closure:{closure:Illuminate/Pipeline/Pipeline::carry():158}:159}(Object(Illuminate/Http/Request))
#56 D:/wamp64/www/migrate/crude/vendor/laravel/framework/src/Illuminate/Pipeline/Pipeline.php(183): Illuminate/Foundation/Http/Middleware/PreventRequestsDuringMaintenance->handle(Object(Illuminate/Http/Request), Object(Closure))
#57 D:/wamp64/www/migrate/crude/vendor/laravel/framework/src/Illuminate/Http/Middleware/HandleCors.php(49): Illuminate/Pipeline/Pipeline->{closure:{closure:Illuminate/Pipeline/Pipeline::carry():158}:159}(Object(Illuminate/Http/Request))
#58 D:/wamp64/www/migrate/crude/vendor/laravel/framework/src/Illuminate/Pipeline/Pipeline.php(183): Illuminate/Http/Middleware/HandleCors->handle(Object(Illuminate/Http/Request), Object(Closure))
#59 D:/wamp64/www/migrate/crude/vendor/laravel/framework/src/Illuminate/Http/Middleware/TrustProxies.php(39): Illuminate/Pipeline/Pipeline->{closure:{closure:Illuminate/Pipeline/Pipeline::carry():158}:159}(Object(Illuminate/Http/Request))
#60 D:/wamp64/www/migrate/crude/vendor/laravel/framework/src/Illuminate/Pipeline/Pipeline.php(183): Illuminate/Http/Middleware/TrustProxies->handle(Object(Illuminate/Http/Request), Object(Closure))
#61 D:/wamp64/www/migrate/crude/vendor/laravel/framework/src/Illuminate/Pipeline/Pipeline.php(119): Illuminate/Pipeline/Pipeline->{closure:{closure:Illuminate/Pipeline/Pipeline::carry():158}:159}(Object(Illuminate/Http/Request))
#62 D:/wamp64/www/migrate/crude/vendor/laravel/framework/src/Illuminate/Foundation/Http/Kernel.php(175): Illuminate/Pipeline/Pipeline->then(Object(Closure))
#63 D:/wamp64/www/migrate/crude/vendor/laravel/framework/src/Illuminate/Foundation/Http/Kernel.php(144): Illuminate/Foundation/Http/Kernel->sendRequestThroughRouter(Object(Illuminate/Http/Request))
#64 D:/wamp64/www/migrate/crude/public/index.php(51): Illuminate/Foundation/Http/Kernel->handle(Object(Illuminate/Http/Request))
#65 D:/wamp64/www/migrate/crude/vendor/laravel/framework/src/Illuminate/Foundation/resources/server.php(16): require_once('D://wamp64//www//m...')
#66 {main}
"} 
[2026-07-14 05:31:18] local.ERROR: SQLSTATE[42S22]: Column not found: 1054 Unknown column 'color' in 'field list' (Connection: mysql, SQL: select distinct `color` from `products` where `color` is not null) {"view":{"view":"D:\\wamp64\\www\\migrate\\crude\\resources\\views\\cart\\index.blade.php","data":{"errors":"<pre class=sf-dump id=sf-dump-387166053 data-indent-pad=\"  \"><span class=sf-dump-note>Illuminate\\Support\\ViewErrorBag</span> {<a class=sf-dump-ref>#1053</a><samp data-depth=1 class=sf-dump-expanded>
  #<span class=sf-dump-protected title=\"Protected property\">bags</span>: []
</samp>}
</pre><script>Sfdump(\"sf-dump-387166053\", {\"maxDepth\":3,\"maxStringLength\":160})</script>
","cart":"<pre class=sf-dump id=sf-dump-1143311141 data-indent-pad=\"  \"><span class=sf-dump-note>array:1</span> [<samp data-depth=1 class=sf-dump-expanded>
  <span class=sf-dump-key>1</span> => <span class=sf-dump-note>array:6</span> [<samp data-depth=2 class=sf-dump-compact>
    \"<span class=sf-dump-key>id</span>\" => <span class=sf-dump-num>1</span>
    \"<span class=sf-dump-key>name</span>\" => \"<span class=sf-dump-str title=\"12 characters\">Jada Morales</span>\"
    \"<span class=sf-dump-key>quantity</span>\" => <span class=sf-dump-num>1</span>
    \"<span class=sf-dump-key>price</span>\" => \"<span class=sf-dump-str title=\"6 characters\">403.00</span>\"
    \"<span class=sf-dump-key>size</span>\" => <span class=sf-dump-const>null</span>
    \"<span class=sf-dump-key>image</span>\" => \"<span class=sf-dump-str title=\"53 characters\">products/gmDrgNutj4eDaPswzi87DTfXtFsTKf0qWz5ZtGLU.jpg</span>\"
  </samp>]
</samp>]
</pre><script>Sfdump(\"sf-dump-1143311141\", {\"maxDepth\":3,\"maxStringLength\":160})</script>
"}},"userId":2,"exception":"[object] (Spatie\\LaravelIgnition\\Exceptions\\ViewException(code: 0): SQLSTATE[42S22]: Column not found: 1054 Unknown column 'color' in 'field list' (Connection: mysql, SQL: select distinct `color` from `products` where `color` is not null) at D:/wamp64/www/migrate/crude/vendor/laravel/framework/src/Illuminate/Database/Connection.php:829)
[stacktrace]
#0 D:/wamp64/www/migrate/crude/vendor/laravel/framework/src/Illuminate/Database/Connection.php(783): Illuminate/Database/Connection->runQueryCallback('select distinct...', Array, Object(Closure))
#1 D:/wamp64/www/migrate/crude/vendor/laravel/framework/src/Illuminate/Database/Connection.php(414): Illuminate/Database/Connection->run('select distinct...', Array, Object(Closure))
#2 D:/wamp64/www/migrate/crude/vendor/laravel/framework/src/Illuminate/Database/Query/Builder.php(2913): Illuminate/Database/Connection->select('select distinct...', Array, true)
#3 D:/wamp64/www/migrate/crude/vendor/laravel/framework/src/Illuminate/Database/Query/Builder.php(3142): Illuminate/Database/Query/Builder->runSelect()
#4 D:/wamp64/www/migrate/crude/vendor/laravel/framework/src/Illuminate/Database/Query/Builder.php(3456): Illuminate/Database/Query/Builder->{closure:Illuminate/Database/Query/Builder::pluck():3140}()
#5 D:/wamp64/www/migrate/crude/vendor/laravel/framework/src/Illuminate/Database/Query/Builder.php(3138): Illuminate/Database/Query/Builder->onceWithColumns(Array, Object(Closure))
#6 D:/wamp64/www/migrate/crude/vendor/laravel/framework/src/Illuminate/Database/Eloquent/Builder.php(889): Illuminate/Database/Query/Builder->pluck('color', NULL)
#7 D:/wamp64/www/migrate/crude/app/Providers/AppServiceProvider.php(49): Illuminate/Database/Eloquent/Builder->pluck('color')
#8 D:/wamp64/www/migrate/crude/vendor/laravel/framework/src/Illuminate/Events/Dispatcher.php(458): App/Providers/AppServiceProvider->{closure:App/Providers/AppServiceProvider::boot():44}(Object(Illuminate/View/View))
#9 D:/wamp64/www/migrate/crude/vendor/laravel/framework/src/Illuminate/Events/Dispatcher.php(286): Illuminate/Events/Dispatcher->{closure:Illuminate/Events/Dispatcher::makeListener():453}('composing: layo...', Array)
#10 D:/wamp64/www/migrate/crude/vendor/laravel/framework/src/Illuminate/Events/Dispatcher.php(266): Illuminate/Events/Dispatcher->invokeListeners('composing: layo...', Array, false)
#11 D:/wamp64/www/migrate/crude/vendor/laravel/framework/src/Illuminate/View/Concerns/ManagesEvents.php(177): Illuminate/Events/Dispatcher->dispatch('composing: layo...', Array)
#12 D:/wamp64/www/migrate/crude/vendor/laravel/framework/src/Illuminate/View/View.php(188): Illuminate/View/Factory->callComposer(Object(Illuminate/View/View))
#13 D:/wamp64/www/migrate/crude/vendor/laravel/framework/src/Illuminate/View/View.php(159): Illuminate/View/View->renderContents()
#14 D:/wamp64/www/migrate/crude/resources/views/cart/index.blade.php(172): Illuminate/View/View->render()
#15 D:/wamp64/www/migrate/crude/vendor/laravel/framework/src/Illuminate/Filesystem/Filesystem.php(123): require('D://wamp64//www//m...')
#16 D:/wamp64/www/migrate/crude/vendor/laravel/framework/src/Illuminate/Filesystem/Filesystem.php(124): Illuminate/Filesystem/Filesystem::{closure:Illuminate/Filesystem/Filesystem::getRequire():120}()
#17 D:/wamp64/www/migrate/crude/vendor/laravel/framework/src/Illuminate/View/Engines/PhpEngine.php(58): Illuminate/Filesystem/Filesystem->getRequire('D://wamp64//www//m...', Array)
#18 D:/wamp64/www/migrate/crude/vendor/laravel/framework/src/Illuminate/View/Engines/CompilerEngine.php(72): Illuminate/View/Engines/PhpEngine->evaluatePath('D://wamp64//www//m...', Array)
#19 D:/wamp64/www/migrate/crude/vendor/laravel/framework/src/Illuminate/View/View.php(207): Illuminate/View/Engines/CompilerEngine->get('D://wamp64//www//m...', Array)
#20 D:/wamp64/www/migrate/crude/vendor/laravel/framework/src/Illuminate/View/View.php(190): Illuminate/View/View->getContents()
#21 D:/wamp64/www/migrate/crude/vendor/laravel/framework/src/Illuminate/View/View.php(159): Illuminate/View/View->renderContents()
#22 D:/wamp64/www/migrate/crude/vendor/laravel/framework/src/Illuminate/Http/Response.php(69): Illuminate/View/View->render()
#23 D:/wamp64/www/migrate/crude/vendor/laravel/framework/src/Illuminate/Http/Response.php(35): Illuminate/Http/Response->setContent(Object(Illuminate/View/View))
#24 D:/wamp64/www/migrate/crude/vendor/laravel/framework/src/Illuminate/Routing/Router.php(918): Illuminate/Http/Response->__construct(Object(Illuminate/View/View), 200, Array)
#25 D:/wamp64/www/migrate/crude/vendor/laravel/framework/src/Illuminate/Routing/Router.php(885): Illuminate/Routing/Router::toResponse(Object(Illuminate/Http/Request), Object(Illuminate/View/View))
#26 D:/wamp64/www/migrate/crude/vendor/laravel/framework/src/Illuminate/Routing/Router.php(805): Illuminate/Routing/Router->prepareResponse(Object(Illuminate/Http/Request), Object(Illuminate/View/View))
#27 D:/wamp64/www/migrate/crude/vendor/laravel/framework/src/Illuminate/Pipeline/Pipeline.php(144): Illuminate/Routing/Router->{closure:Illuminate/Routing/Router::runRouteWithinStack():805}(Object(Illuminate/Http/Request))
#28 D:/wamp64/www/migrate/crude/app/Http/Middleware/CheckRole.php(23): Illuminate/Pipeline/Pipeline->{closure:Illuminate/Pipeline/Pipeline::prepareDestination():142}(Object(Illuminate/Http/Request))
#29 D:/wamp64/www/migrate/crude/vendor/laravel/framework/src/Illuminate/Pipeline/Pipeline.php(183): App/Http/Middleware/CheckRole->handle(Object(Illuminate/Http/Request), Object(Closure), 'client')
#30 D:/wamp64/www/migrate/crude/vendor/laravel/framework/src/Illuminate/Routing/Middleware/SubstituteBindings.php(50): Illuminate/Pipeline/Pipeline->{closure:{closure:Illuminate/Pipeline/Pipeline::carry():158}:159}(Object(Illuminate/Http/Request))
#31 D:/wamp64/www/migrate/crude/vendor/laravel/framework/src/Illuminate/Pipeline/Pipeline.php(183): Illuminate/Routing/Middleware/SubstituteBindings->handle(Object(Illuminate/Http/Request), Object(Closure))
#32 D:/wamp64/www/migrate/crude/vendor/laravel/framework/src/Illuminate/Auth/Middleware/Authenticate.php(57): Illuminate/Pipeline/Pipeline->{closure:{closure:Illuminate/Pipeline/Pipeline::carry():158}:159}(Object(Illuminate/Http/Request))
#33 D:/wamp64/www/migrate/crude/vendor/laravel/framework/src/Illuminate/Pipeline/Pipeline.php(183): Illuminate/Auth/Middleware/Authenticate->handle(Object(Illuminate/Http/Request), Object(Closure))
#34 D:/wamp64/www/migrate/crude/vendor/laravel/framework/src/Illuminate/Foundation/Http/Middleware/VerifyCsrfToken.php(78): Illuminate/Pipeline/Pipeline->{closure:{closure:Illuminate/Pipeline/Pipeline::carry():158}:159}(Object(Illuminate/Http/Request))
#35 D:/wamp64/www/migrate/crude/vendor/laravel/framework/src/Illuminate/Pipeline/Pipeline.php(183): Illuminate/Foundation/Http/Middleware/VerifyCsrfToken->handle(Object(Illuminate/Http/Request), Object(Closure))
#36 D:/wamp64/www/migrate/crude/vendor/laravel/framework/src/Illuminate/View/Middleware/ShareErrorsFromSession.php(49): Illuminate/Pipeline/Pipeline->{closure:{closure:Illuminate/Pipeline/Pipeline::carry():158}:159}(Object(Illuminate/Http/Request))
#37 D:/wamp64/www/migrate/crude/vendor/laravel/framework/src/Illuminate/Pipeline/Pipeline.php(183): Illuminate/View/Middleware/ShareErrorsFromSession->handle(Object(Illuminate/Http/Request), Object(Closure))
#38 D:/wamp64/www/migrate/crude/vendor/laravel/framework/src/Illuminate/Session/Middleware/StartSession.php(121): Illuminate/Pipeline/Pipeline->{closure:{closure:Illuminate/Pipeline/Pipeline::carry():158}:159}(Object(Illuminate/Http/Request))
#39 D:/wamp64/www/migrate/crude/vendor/laravel/framework/src/Illuminate/Session/Middleware/StartSession.php(64): Illuminate/Session/Middleware/StartSession->handleStatefulRequest(Object(Illuminate/Http/Request), Object(Illuminate/Session/Store), Object(Closure))
#40 D:/wamp64/www/migrate/crude/vendor/laravel/framework/src/Illuminate/Pipeline/Pipeline.php(183): Illuminate/Session/Middleware/StartSession->handle(Object(Illuminate/Http/Request), Object(Closure))
#41 D:/wamp64/www/migrate/crude/vendor/laravel/framework/src/Illuminate/Cookie/Middleware/AddQueuedCookiesToResponse.php(37): Illuminate/Pipeline/Pipeline->{closure:{closure:Illuminate/Pipeline/Pipeline::carry():158}:159}(Object(Illuminate/Http/Request))
#42 D:/wamp64/www/migrate/crude/vendor/laravel/framework/src/Illuminate/Pipeline/Pipeline.php(183): Illuminate/Cookie/Middleware/AddQueuedCookiesToResponse->handle(Object(Illuminate/Http/Request), Object(Closure))
#43 D:/wamp64/www/migrate/crude/vendor/laravel/framework/src/Illuminate/Cookie/Middleware/EncryptCookies.php(67): Illuminate/Pipeline/Pipeline->{closure:{closure:Illuminate/Pipeline/Pipeline::carry():158}:159}(Object(Illuminate/Http/Request))
#44 D:/wamp64/www/migrate/crude/vendor/laravel/framework/src/Illuminate/Pipeline/Pipeline.php(183): Illuminate/Cookie/Middleware/EncryptCookies->handle(Object(Illuminate/Http/Request), Object(Closure))
#45 D:/wamp64/www/migrate/crude/vendor/laravel/framework/src/Illuminate/Pipeline/Pipeline.php(119): Illuminate/Pipeline/Pipeline->{closure:{closure:Illuminate/Pipeline/Pipeline::carry():158}:159}(Object(Illuminate/Http/Request))
#46 D:/wamp64/www/migrate/crude/vendor/laravel/framework/src/Illuminate/Routing/Router.php(805): Illuminate/Pipeline/Pipeline->then(Object(Closure))
#47 D:/wamp64/www/migrate/crude/vendor/laravel/framework/src/Illuminate/Routing/Router.php(784): Illuminate/Routing/Router->runRouteWithinStack(Object(Illuminate/Routing/Route), Object(Illuminate/Http/Request))
#48 D:/wamp64/www/migrate/crude/vendor/laravel/framework/src/Illuminate/Routing/Router.php(748): Illuminate/Routing/Router->runRoute(Object(Illuminate/Http/Request), Object(Illuminate/Routing/Route))
#49 D:/wamp64/www/migrate/crude/vendor/laravel/framework/src/Illuminate/Routing/Router.php(737): Illuminate/Routing/Router->dispatchToRoute(Object(Illuminate/Http/Request))
#50 D:/wamp64/www/migrate/crude/vendor/laravel/framework/src/Illuminate/Foundation/Http/Kernel.php(200): Illuminate/Routing/Router->dispatch(Object(Illuminate/Http/Request))
#51 D:/wamp64/www/migrate/crude/vendor/laravel/framework/src/Illuminate/Pipeline/Pipeline.php(144): Illuminate/Foundation/Http/Kernel->{closure:Illuminate/Foundation/Http/Kernel::dispatchToRouter():197}(Object(Illuminate/Http/Request))
#52 D:/wamp64/www/migrate/crude/vendor/laravel/framework/src/Illuminate/Foundation/Http/Middleware/TransformsRequest.php(21): Illuminate/Pipeline/Pipeline->{closure:Illuminate/Pipeline/Pipeline::prepareDestination():142}(Object(Illuminate/Http/Request))
#53 D:/wamp64/www/migrate/crude/vendor/laravel/framework/src/Illuminate/Foundation/Http/Middleware/ConvertEmptyStringsToNull.php(31): Illuminate/Foundation/Http/Middleware/TransformsRequest->handle(Object(Illuminate/Http/Request), Object(Closure))
#54 D:/wamp64/www/migrate/crude/vendor/laravel/framework/src/Illuminate/Pipeline/Pipeline.php(183): Illuminate/Foundation/Http/Middleware/ConvertEmptyStringsToNull->handle(Object(Illuminate/Http/Request), Object(Closure))
#55 D:/wamp64/www/migrate/crude/vendor/laravel/framework/src/Illuminate/Foundation/Http/Middleware/TransformsRequest.php(21): Illuminate/Pipeline/Pipeline->{closure:{closure:Illuminate/Pipeline/Pipeline::carry():158}:159}(Object(Illuminate/Http/Request))
#56 D:/wamp64/www/migrate/crude/vendor/laravel/framework/src/Illuminate/Foundation/Http/Middleware/TrimStrings.php(40): Illuminate/Foundation/Http/Middleware/TransformsRequest->handle(Object(Illuminate/Http/Request), Object(Closure))
#57 D:/wamp64/www/migrate/crude/vendor/laravel/framework/src/Illuminate/Pipeline/Pipeline.php(183): Illuminate/Foundation/Http/Middleware/TrimStrings->handle(Object(Illuminate/Http/Request), Object(Closure))
#58 D:/wamp64/www/migrate/crude/vendor/laravel/framework/src/Illuminate/Foundation/Http/Middleware/ValidatePostSize.php(27): Illuminate/Pipeline/Pipeline->{closure:{closure:Illuminate/Pipeline/Pipeline::carry():158}:159}(Object(Illuminate/Http/Request))
#59 D:/wamp64/www/migrate/crude/vendor/laravel/framework/src/Illuminate/Pipeline/Pipeline.php(183): Illuminate/Foundation/Http/Middleware/ValidatePostSize->handle(Object(Illuminate/Http/Request), Object(Closure))
#60 D:/wamp64/www/migrate/crude/vendor/laravel/framework/src/Illuminate/Foundation/Http/Middleware/PreventRequestsDuringMaintenance.php(99): Illuminate/Pipeline/Pipeline->{closure:{closure:Illuminate/Pipeline/Pipeline::carry():158}:159}(Object(Illuminate/Http/Request))
#61 D:/wamp64/www/migrate/crude/vendor/laravel/framework/src/Illuminate/Pipeline/Pipeline.php(183): Illuminate/Foundation/Http/Middleware/PreventRequestsDuringMaintenance->handle(Object(Illuminate/Http/Request), Object(Closure))
#62 D:/wamp64/www/migrate/crude/vendor/laravel/framework/src/Illuminate/Http/Middleware/HandleCors.php(49): Illuminate/Pipeline/Pipeline->{closure:{closure:Illuminate/Pipeline/Pipeline::carry():158}:159}(Object(Illuminate/Http/Request))
#63 D:/wamp64/www/migrate/crude/vendor/laravel/framework/src/Illuminate/Pipeline/Pipeline.php(183): Illuminate/Http/Middleware/HandleCors->handle(Object(Illuminate/Http/Request), Object(Closure))
#64 D:/wamp64/www/migrate/crude/vendor/laravel/framework/src/Illuminate/Http/Middleware/TrustProxies.php(39): Illuminate/Pipeline/Pipeline->{closure:{closure:Illuminate/Pipeline/Pipeline::carry():158}:159}(Object(Illuminate/Http/Request))
#65 D:/wamp64/www/migrate/crude/vendor/laravel/framework/src/Illuminate/Pipeline/Pipeline.php(183): Illuminate/Http/Middleware/TrustProxies->handle(Object(Illuminate/Http/Request), Object(Closure))
#66 D:/wamp64/www/migrate/crude/vendor/laravel/framework/src/Illuminate/Pipeline/Pipeline.php(119): Illuminate/Pipeline/Pipeline->{closure:{closure:Illuminate/Pipeline/Pipeline::carry():158}:159}(Object(Illuminate/Http/Request))
#67 D:/wamp64/www/migrate/crude/vendor/laravel/framework/src/Illuminate/Foundation/Http/Kernel.php(175): Illuminate/Pipeline/Pipeline->then(Object(Closure))
#68 D:/wamp64/www/migrate/crude/vendor/laravel/framework/src/Illuminate/Foundation/Http/Kernel.php(144): Illuminate/Foundation/Http/Kernel->sendRequestThroughRouter(Object(Illuminate/Http/Request))
#69 D:/wamp64/www/migrate/crude/public/index.php(51): Illuminate/Foundation/Http/Kernel->handle(Object(Illuminate/Http/Request))
#70 D:/wamp64/www/migrate/crude/vendor/laravel/framework/src/Illuminate/Foundation/resources/server.php(16): require_once('D://wamp64//www//m...')
#71 {main}

[previous exception] [object] (Illuminate\\Database\\QueryException(code: 42S22): SQLSTATE[42S22]: Column not found: 1054 Unknown column 'color' in 'field list' (Connection: mysql, SQL: select distinct `color` from `products` where `color` is not null) at D:/wamp64/www/migrate/crude/vendor/laravel/framework/src/Illuminate/Database/Connection.php:829)
[stacktrace]
#0 D:/wamp64/www/migrate/crude/vendor/laravel/framework/src/Illuminate/Database/Connection.php(783): Illuminate/Database/Connection->runQueryCallback('select distinct...', Array, Object(Closure))
#1 D:/wamp64/www/migrate/crude/vendor/laravel/framework/src/Illuminate/Database/Connection.php(414): Illuminate/Database/Connection->run('select distinct...', Array, Object(Closure))
#2 D:/wamp64/www/migrate/crude/vendor/laravel/framework/src/Illuminate/Database/Query/Builder.php(2913): Illuminate/Database/Connection->select('select distinct...', Array, true)
#3 D:/wamp64/www/migrate/crude/vendor/laravel/framework/src/Illuminate/Database/Query/Builder.php(3142): Illuminate/Database/Query/Builder->runSelect()
#4 D:/wamp64/www/migrate/crude/vendor/laravel/framework/src/Illuminate/Database/Query/Builder.php(3456): Illuminate/Database/Query/Builder->{closure:Illuminate/Database/Query/Builder::pluck():3140}()
#5 D:/wamp64/www/migrate/crude/vendor/laravel/framework/src/Illuminate/Database/Query/Builder.php(3138): Illuminate/Database/Query/Builder->onceWithColumns(Array, Object(Closure))
#6 D:/wamp64/www/migrate/crude/vendor/laravel/framework/src/Illuminate/Database/Eloquent/Builder.php(889): Illuminate/Database/Query/Builder->pluck('color', NULL)
#7 D:/wamp64/www/migrate/crude/app/Providers/AppServiceProvider.php(49): Illuminate/Database/Eloquent/Builder->pluck('color')
#8 D:/wamp64/www/migrate/crude/vendor/laravel/framework/src/Illuminate/Events/Dispatcher.php(458): App/Providers/AppServiceProvider->{closure:App/Providers/AppServiceProvider::boot():44}(Object(Illuminate/View/View))
#9 D:/wamp64/www/migrate/crude/vendor/laravel/framework/src/Illuminate/Events/Dispatcher.php(286): Illuminate/Events/Dispatcher->{closure:Illuminate/Events/Dispatcher::makeListener():453}('composing: layo...', Array)
#10 D:/wamp64/www/migrate/crude/vendor/laravel/framework/src/Illuminate/Events/Dispatcher.php(266): Illuminate/Events/Dispatcher->invokeListeners('composing: layo...', Array, false)
#11 D:/wamp64/www/migrate/crude/vendor/laravel/framework/src/Illuminate/View/Concerns/ManagesEvents.php(177): Illuminate/Events/Dispatcher->dispatch('composing: layo...', Array)
#12 D:/wamp64/www/migrate/crude/vendor/laravel/framework/src/Illuminate/View/View.php(188): Illuminate/View/Factory->callComposer(Object(Illuminate/View/View))
#13 D:/wamp64/www/migrate/crude/vendor/laravel/framework/src/Illuminate/View/View.php(159): Illuminate/View/View->renderContents()
#14 D:/wamp64/www/migrate/crude/storage/framework/views/462f8c0883229d14df26b37da21c064b.php(173): Illuminate/View/View->render()
#15 D:/wamp64/www/migrate/crude/vendor/laravel/framework/src/Illuminate/Filesystem/Filesystem.php(123): require('D://wamp64//www//m...')
#16 D:/wamp64/www/migrate/crude/vendor/laravel/framework/src/Illuminate/Filesystem/Filesystem.php(124): Illuminate/Filesystem/Filesystem::{closure:Illuminate/Filesystem/Filesystem::getRequire():120}()
#17 D:/wamp64/www/migrate/crude/vendor/laravel/framework/src/Illuminate/View/Engines/PhpEngine.php(58): Illuminate/Filesystem/Filesystem->getRequire('D://wamp64//www//m...', Array)
#18 D:/wamp64/www/migrate/crude/vendor/laravel/framework/src/Illuminate/View/Engines/CompilerEngine.php(72): Illuminate/View/Engines/PhpEngine->evaluatePath('D://wamp64//www//m...', Array)
#19 D:/wamp64/www/migrate/crude/vendor/laravel/framework/src/Illuminate/View/View.php(207): Illuminate/View/Engines/CompilerEngine->get('D://wamp64//www//m...', Array)
#20 D:/wamp64/www/migrate/crude/vendor/laravel/framework/src/Illuminate/View/View.php(190): Illuminate/View/View->getContents()
#21 D:/wamp64/www/migrate/crude/vendor/laravel/framework/src/Illuminate/View/View.php(159): Illuminate/View/View->renderContents()
#22 D:/wamp64/www/migrate/crude/vendor/laravel/framework/src/Illuminate/Http/Response.php(69): Illuminate/View/View->render()
#23 D:/wamp64/www/migrate/crude/vendor/laravel/framework/src/Illuminate/Http/Response.php(35): Illuminate/Http/Response->setContent(Object(Illuminate/View/View))
#24 D:/wamp64/www/migrate/crude/vendor/laravel/framework/src/Illuminate/Routing/Router.php(918): Illuminate/Http/Response->__construct(Object(Illuminate/View/View), 200, Array)
#25 D:/wamp64/www/migrate/crude/vendor/laravel/framework/src/Illuminate/Routing/Router.php(885): Illuminate/Routing/Router::toResponse(Object(Illuminate/Http/Request), Object(Illuminate/View/View))
#26 D:/wamp64/www/migrate/crude/vendor/laravel/framework/src/Illuminate/Routing/Router.php(805): Illuminate/Routing/Router->prepareResponse(Object(Illuminate/Http/Request), Object(Illuminate/View/View))
#27 D:/wamp64/www/migrate/crude/vendor/laravel/framework/src/Illuminate/Pipeline/Pipeline.php(144): Illuminate/Routing/Router->{closure:Illuminate/Routing/Router::runRouteWithinStack():805}(Object(Illuminate/Http/Request))
#28 D:/wamp64/www/migrate/crude/app/Http/Middleware/CheckRole.php(23): Illuminate/Pipeline/Pipeline->{closure:Illuminate/Pipeline/Pipeline::prepareDestination():142}(Object(Illuminate/Http/Request))
#29 D:/wamp64/www/migrate/crude/vendor/laravel/framework/src/Illuminate/Pipeline/Pipeline.php(183): App/Http/Middleware/CheckRole->handle(Object(Illuminate/Http/Request), Object(Closure), 'client')
#30 D:/wamp64/www/migrate/crude/vendor/laravel/framework/src/Illuminate/Routing/Middleware/SubstituteBindings.php(50): Illuminate/Pipeline/Pipeline->{closure:{closure:Illuminate/Pipeline/Pipeline::carry():158}:159}(Object(Illuminate/Http/Request))
#31 D:/wamp64/www/migrate/crude/vendor/laravel/framework/src/Illuminate/Pipeline/Pipeline.php(183): Illuminate/Routing/Middleware/SubstituteBindings->handle(Object(Illuminate/Http/Request), Object(Closure))
#32 D:/wamp64/www/migrate/crude/vendor/laravel/framework/src/Illuminate/Auth/Middleware/Authenticate.php(57): Illuminate/Pipeline/Pipeline->{closure:{closure:Illuminate/Pipeline/Pipeline::carry():158}:159}(Object(Illuminate/Http/Request))
#33 D:/wamp64/www/migrate/crude/vendor/laravel/framework/src/Illuminate/Pipeline/Pipeline.php(183): Illuminate/Auth/Middleware/Authenticate->handle(Object(Illuminate/Http/Request), Object(Closure))
#34 D:/wamp64/www/migrate/crude/vendor/laravel/framework/src/Illuminate/Foundation/Http/Middleware/VerifyCsrfToken.php(78): Illuminate/Pipeline/Pipeline->{closure:{closure:Illuminate/Pipeline/Pipeline::carry():158}:159}(Object(Illuminate/Http/Request))
#35 D:/wamp64/www/migrate/crude/vendor/laravel/framework/src/Illuminate/Pipeline/Pipeline.php(183): Illuminate/Foundation/Http/Middleware/VerifyCsrfToken->handle(Object(Illuminate/Http/Request), Object(Closure))
#36 D:/wamp64/www/migrate/crude/vendor/laravel/framework/src/Illuminate/View/Middleware/ShareErrorsFromSession.php(49): Illuminate/Pipeline/Pipeline->{closure:{closure:Illuminate/Pipeline/Pipeline::carry():158}:159}(Object(Illuminate/Http/Request))
#37 D:/wamp64/www/migrate/crude/vendor/laravel/framework/src/Illuminate/Pipeline/Pipeline.php(183): Illuminate/View/Middleware/ShareErrorsFromSession->handle(Object(Illuminate/Http/Request), Object(Closure))
#38 D:/wamp64/www/migrate/crude/vendor/laravel/framework/src/Illuminate/Session/Middleware/StartSession.php(121): Illuminate/Pipeline/Pipeline->{closure:{closure:Illuminate/Pipeline/Pipeline::carry():158}:159}(Object(Illuminate/Http/Request))
#39 D:/wamp64/www/migrate/crude/vendor/laravel/framework/src/Illuminate/Session/Middleware/StartSession.php(64): Illuminate/Session/Middleware/StartSession->handleStatefulRequest(Object(Illuminate/Http/Request), Object(Illuminate/Session/Store), Object(Closure))
#40 D:/wamp64/www/migrate/crude/vendor/laravel/framework/src/Illuminate/Pipeline/Pipeline.php(183): Illuminate/Session/Middleware/StartSession->handle(Object(Illuminate/Http/Request), Object(Closure))
#41 D:/wamp64/www/migrate/crude/vendor/laravel/framework/src/Illuminate/Cookie/Middleware/AddQueuedCookiesToResponse.php(37): Illuminate/Pipeline/Pipeline->{closure:{closure:Illuminate/Pipeline/Pipeline::carry():158}:159}(Object(Illuminate/Http/Request))
#42 D:/wamp64/www/migrate/crude/vendor/laravel/framework/src/Illuminate/Pipeline/Pipeline.php(183): Illuminate/Cookie/Middleware/AddQueuedCookiesToResponse->handle(Object(Illuminate/Http/Request), Object(Closure))
#43 D:/wamp64/www/migrate/crude/vendor/laravel/framework/src/Illuminate/Cookie/Middleware/EncryptCookies.php(67): Illuminate/Pipeline/Pipeline->{closure:{closure:Illuminate/Pipeline/Pipeline::carry():158}:159}(Object(Illuminate/Http/Request))
#44 D:/wamp64/www/migrate/crude/vendor/laravel/framework/src/Illuminate/Pipeline/Pipeline.php(183): Illuminate/Cookie/Middleware/EncryptCookies->handle(Object(Illuminate/Http/Request), Object(Closure))
#45 D:/wamp64/www/migrate/crude/vendor/laravel/framework/src/Illuminate/Pipeline/Pipeline.php(119): Illuminate/Pipeline/Pipeline->{closure:{closure:Illuminate/Pipeline/Pipeline::carry():158}:159}(Object(Illuminate/Http/Request))
#46 D:/wamp64/www/migrate/crude/vendor/laravel/framework/src/Illuminate/Routing/Router.php(805): Illuminate/Pipeline/Pipeline->then(Object(Closure))
#47 D:/wamp64/www/migrate/crude/vendor/laravel/framework/src/Illuminate/Routing/Router.php(784): Illuminate/Routing/Router->runRouteWithinStack(Object(Illuminate/Routing/Route), Object(Illuminate/Http/Request))
#48 D:/wamp64/www/migrate/crude/vendor/laravel/framework/src/Illuminate/Routing/Router.php(748): Illuminate/Routing/Router->runRoute(Object(Illuminate/Http/Request), Object(Illuminate/Routing/Route))
#49 D:/wamp64/www/migrate/crude/vendor/laravel/framework/src/Illuminate/Routing/Router.php(737): Illuminate/Routing/Router->dispatchToRoute(Object(Illuminate/Http/Request))
#50 D:/wamp64/www/migrate/crude/vendor/laravel/framework/src/Illuminate/Foundation/Http/Kernel.php(200): Illuminate/Routing/Router->dispatch(Object(Illuminate/Http/Request))
#51 D:/wamp64/www/migrate/crude/vendor/laravel/framework/src/Illuminate/Pipeline/Pipeline.php(144): Illuminate/Foundation/Http/Kernel->{closure:Illuminate/Foundation/Http/Kernel::dispatchToRouter():197}(Object(Illuminate/Http/Request))
#52 D:/wamp64/www/migrate/crude/vendor/laravel/framework/src/Illuminate/Foundation/Http/Middleware/TransformsRequest.php(21): Illuminate/Pipeline/Pipeline->{closure:Illuminate/Pipeline/Pipeline::prepareDestination():142}(Object(Illuminate/Http/Request))
#53 D:/wamp64/www/migrate/crude/vendor/laravel/framework/src/Illuminate/Foundation/Http/Middleware/ConvertEmptyStringsToNull.php(31): Illuminate/Foundation/Http/Middleware/TransformsRequest->handle(Object(Illuminate/Http/Request), Object(Closure))
#54 D:/wamp64/www/migrate/crude/vendor/laravel/framework/src/Illuminate/Pipeline/Pipeline.php(183): Illuminate/Foundation/Http/Middleware/ConvertEmptyStringsToNull->handle(Object(Illuminate/Http/Request), Object(Closure))
#55 D:/wamp64/www/migrate/crude/vendor/laravel/framework/src/Illuminate/Foundation/Http/Middleware/TransformsRequest.php(21): Illuminate/Pipeline/Pipeline->{closure:{closure:Illuminate/Pipeline/Pipeline::carry():158}:159}(Object(Illuminate/Http/Request))
#56 D:/wamp64/www/migrate/crude/vendor/laravel/framework/src/Illuminate/Foundation/Http/Middleware/TrimStrings.php(40): Illuminate/Foundation/Http/Middleware/TransformsRequest->handle(Object(Illuminate/Http/Request), Object(Closure))
#57 D:/wamp64/www/migrate/crude/vendor/laravel/framework/src/Illuminate/Pipeline/Pipeline.php(183): Illuminate/Foundation/Http/Middleware/TrimStrings->handle(Object(Illuminate/Http/Request), Object(Closure))
#58 D:/wamp64/www/migrate/crude/vendor/laravel/framework/src/Illuminate/Foundation/Http/Middleware/ValidatePostSize.php(27): Illuminate/Pipeline/Pipeline->{closure:{closure:Illuminate/Pipeline/Pipeline::carry():158}:159}(Object(Illuminate/Http/Request))
#59 D:/wamp64/www/migrate/crude/vendor/laravel/framework/src/Illuminate/Pipeline/Pipeline.php(183): Illuminate/Foundation/Http/Middleware/ValidatePostSize->handle(Object(Illuminate/Http/Request), Object(Closure))
#60 D:/wamp64/www/migrate/crude/vendor/laravel/framework/src/Illuminate/Foundation/Http/Middleware/PreventRequestsDuringMaintenance.php(99): Illuminate/Pipeline/Pipeline->{closure:{closure:Illuminate/Pipeline/Pipeline::carry():158}:159}(Object(Illuminate/Http/Request))
#61 D:/wamp64/www/migrate/crude/vendor/laravel/framework/src/Illuminate/Pipeline/Pipeline.php(183): Illuminate/Foundation/Http/Middleware/PreventRequestsDuringMaintenance->handle(Object(Illuminate/Http/Request), Object(Closure))
#62 D:/wamp64/www/migrate/crude/vendor/laravel/framework/src/Illuminate/Http/Middleware/HandleCors.php(49): Illuminate/Pipeline/Pipeline->{closure:{closure:Illuminate/Pipeline/Pipeline::carry():158}:159}(Object(Illuminate/Http/Request))
#63 D:/wamp64/www/migrate/crude/vendor/laravel/framework/src/Illuminate/Pipeline/Pipeline.php(183): Illuminate/Http/Middleware/HandleCors->handle(Object(Illuminate/Http/Request), Object(Closure))
#64 D:/wamp64/www/migrate/crude/vendor/laravel/framework/src/Illuminate/Http/Middleware/TrustProxies.php(39): Illuminate/Pipeline/Pipeline->{closure:{closure:Illuminate/Pipeline/Pipeline::carry():158}:159}(Object(Illuminate/Http/Request))
#65 D:/wamp64/www/migrate/crude/vendor/laravel/framework/src/Illuminate/Pipeline/Pipeline.php(183): Illuminate/Http/Middleware/TrustProxies->handle(Object(Illuminate/Http/Request), Object(Closure))
#66 D:/wamp64/www/migrate/crude/vendor/laravel/framework/src/Illuminate/Pipeline/Pipeline.php(119): Illuminate/Pipeline/Pipeline->{closure:{closure:Illuminate/Pipeline/Pipeline::carry():158}:159}(Object(Illuminate/Http/Request))
#67 D:/wamp64/www/migrate/crude/vendor/laravel/framework/src/Illuminate/Foundation/Http/Kernel.php(175): Illuminate/Pipeline/Pipeline->then(Object(Closure))
#68 D:/wamp64/www/migrate/crude/vendor/laravel/framework/src/Illuminate/Foundation/Http/Kernel.php(144): Illuminate/Foundation/Http/Kernel->sendRequestThroughRouter(Object(Illuminate/Http/Request))
#69 D:/wamp64/www/migrate/crude/public/index.php(51): Illuminate/Foundation/Http/Kernel->handle(Object(Illuminate/Http/Request))
#70 D:/wamp64/www/migrate/crude/vendor/laravel/framework/src/Illuminate/Foundation/resources/server.php(16): require_once('D://wamp64//www//m...')
#71 {main}

[previous exception] [object] (PDOException(code: 42S22): SQLSTATE[42S22]: Column not found: 1054 Unknown column 'color' in 'field list' at D:/wamp64/www/migrate/crude/vendor/laravel/framework/src/Illuminate/Database/Connection.php:423)
[stacktrace]
#0 D:/wamp64/www/migrate/crude/vendor/laravel/framework/src/Illuminate/Database/Connection.php(423): PDO->prepare('select distinct...')
#1 D:/wamp64/www/migrate/crude/vendor/laravel/framework/src/Illuminate/Database/Connection.php(816): Illuminate/Database/Connection->{closure:Illuminate/Database/Connection::select():414}('select distinct...', Array)
#2 D:/wamp64/www/migrate/crude/vendor/laravel/framework/src/Illuminate/Database/Connection.php(783): Illuminate/Database/Connection->runQueryCallback('select distinct...', Array, Object(Closure))
#3 D:/wamp64/www/migrate/crude/vendor/laravel/framework/src/Illuminate/Database/Connection.php(414): Illuminate/Database/Connection->run('select distinct...', Array, Object(Closure))
#4 D:/wamp64/www/migrate/crude/vendor/laravel/framework/src/Illuminate/Database/Query/Builder.php(2913): Illuminate/Database/Connection->select('select distinct...', Array, true)
#5 D:/wamp64/www/migrate/crude/vendor/laravel/framework/src/Illuminate/Database/Query/Builder.php(3142): Illuminate/Database/Query/Builder->runSelect()
#6 D:/wamp64/www/migrate/crude/vendor/laravel/framework/src/Illuminate/Database/Query/Builder.php(3456): Illuminate/Database/Query/Builder->{closure:Illuminate/Database/Query/Builder::pluck():3140}()
#7 D:/wamp64/www/migrate/crude/vendor/laravel/framework/src/Illuminate/Database/Query/Builder.php(3138): Illuminate/Database/Query/Builder->onceWithColumns(Array, Object(Closure))
#8 D:/wamp64/www/migrate/crude/vendor/laravel/framework/src/Illuminate/Database/Eloquent/Builder.php(889): Illuminate/Database/Query/Builder->pluck('color', NULL)
#9 D:/wamp64/www/migrate/crude/app/Providers/AppServiceProvider.php(49): Illuminate/Database/Eloquent/Builder->pluck('color')
#10 D:/wamp64/www/migrate/crude/vendor/laravel/framework/src/Illuminate/Events/Dispatcher.php(458): App/Providers/AppServiceProvider->{closure:App/Providers/AppServiceProvider::boot():44}(Object(Illuminate/View/View))
#11 D:/wamp64/www/migrate/crude/vendor/laravel/framework/src/Illuminate/Events/Dispatcher.php(286): Illuminate/Events/Dispatcher->{closure:Illuminate/Events/Dispatcher::makeListener():453}('composing: layo...', Array)
#12 D:/wamp64/www/migrate/crude/vendor/laravel/framework/src/Illuminate/Events/Dispatcher.php(266): Illuminate/Events/Dispatcher->invokeListeners('composing: layo...', Array, false)
#13 D:/wamp64/www/migrate/crude/vendor/laravel/framework/src/Illuminate/View/Concerns/ManagesEvents.php(177): Illuminate/Events/Dispatcher->dispatch('composing: layo...', Array)
#14 D:/wamp64/www/migrate/crude/vendor/laravel/framework/src/Illuminate/View/View.php(188): Illuminate/View/Factory->callComposer(Object(Illuminate/View/View))
#15 D:/wamp64/www/migrate/crude/vendor/laravel/framework/src/Illuminate/View/View.php(159): Illuminate/View/View->renderContents()
#16 D:/wamp64/www/migrate/crude/storage/framework/views/462f8c0883229d14df26b37da21c064b.php(173): Illuminate/View/View->render()
#17 D:/wamp64/www/migrate/crude/vendor/laravel/framework/src/Illuminate/Filesystem/Filesystem.php(123): require('D://wamp64//www//m...')
#18 D:/wamp64/www/migrate/crude/vendor/laravel/framework/src/Illuminate/Filesystem/Filesystem.php(124): Illuminate/Filesystem/Filesystem::{closure:Illuminate/Filesystem/Filesystem::getRequire():120}()
#19 D:/wamp64/www/migrate/crude/vendor/laravel/framework/src/Illuminate/View/Engines/PhpEngine.php(58): Illuminate/Filesystem/Filesystem->getRequire('D://wamp64//www//m...', Array)
#20 D:/wamp64/www/migrate/crude/vendor/laravel/framework/src/Illuminate/View/Engines/CompilerEngine.php(72): Illuminate/View/Engines/PhpEngine->evaluatePath('D://wamp64//www//m...', Array)
#21 D:/wamp64/www/migrate/crude/vendor/laravel/framework/src/Illuminate/View/View.php(207): Illuminate/View/Engines/CompilerEngine->get('D://wamp64//www//m...', Array)
#22 D:/wamp64/www/migrate/crude/vendor/laravel/framework/src/Illuminate/View/View.php(190): Illuminate/View/View->getContents()
#23 D:/wamp64/www/migrate/crude/vendor/laravel/framework/src/Illuminate/View/View.php(159): Illuminate/View/View->renderContents()
#24 D:/wamp64/www/migrate/crude/vendor/laravel/framework/src/Illuminate/Http/Response.php(69): Illuminate/View/View->render()
#25 D:/wamp64/www/migrate/crude/vendor/laravel/framework/src/Illuminate/Http/Response.php(35): Illuminate/Http/Response->setContent(Object(Illuminate/View/View))
#26 D:/wamp64/www/migrate/crude/vendor/laravel/framework/src/Illuminate/Routing/Router.php(918): Illuminate/Http/Response->__construct(Object(Illuminate/View/View), 200, Array)
#27 D:/wamp64/www/migrate/crude/vendor/laravel/framework/src/Illuminate/Routing/Router.php(885): Illuminate/Routing/Router::toResponse(Object(Illuminate/Http/Request), Object(Illuminate/View/View))
#28 D:/wamp64/www/migrate/crude/vendor/laravel/framework/src/Illuminate/Routing/Router.php(805): Illuminate/Routing/Router->prepareResponse(Object(Illuminate/Http/Request), Object(Illuminate/View/View))
#29 D:/wamp64/www/migrate/crude/vendor/laravel/framework/src/Illuminate/Pipeline/Pipeline.php(144): Illuminate/Routing/Router->{closure:Illuminate/Routing/Router::runRouteWithinStack():805}(Object(Illuminate/Http/Request))
#30 D:/wamp64/www/migrate/crude/app/Http/Middleware/CheckRole.php(23): Illuminate/Pipeline/Pipeline->{closure:Illuminate/Pipeline/Pipeline::prepareDestination():142}(Object(Illuminate/Http/Request))
#31 D:/wamp64/www/migrate/crude/vendor/laravel/framework/src/Illuminate/Pipeline/Pipeline.php(183): App/Http/Middleware/CheckRole->handle(Object(Illuminate/Http/Request), Object(Closure), 'client')
#32 D:/wamp64/www/migrate/crude/vendor/laravel/framework/src/Illuminate/Routing/Middleware/SubstituteBindings.php(50): Illuminate/Pipeline/Pipeline->{closure:{closure:Illuminate/Pipeline/Pipeline::carry():158}:159}(Object(Illuminate/Http/Request))
#33 D:/wamp64/www/migrate/crude/vendor/laravel/framework/src/Illuminate/Pipeline/Pipeline.php(183): Illuminate/Routing/Middleware/SubstituteBindings->handle(Object(Illuminate/Http/Request), Object(Closure))
#34 D:/wamp64/www/migrate/crude/vendor/laravel/framework/src/Illuminate/Auth/Middleware/Authenticate.php(57): Illuminate/Pipeline/Pipeline->{closure:{closure:Illuminate/Pipeline/Pipeline::carry():158}:159}(Object(Illuminate/Http/Request))
#35 D:/wamp64/www/migrate/crude/vendor/laravel/framework/src/Illuminate/Pipeline/Pipeline.php(183): Illuminate/Auth/Middleware/Authenticate->handle(Object(Illuminate/Http/Request), Object(Closure))
#36 D:/wamp64/www/migrate/crude/vendor/laravel/framework/src/Illuminate/Foundation/Http/Middleware/VerifyCsrfToken.php(78): Illuminate/Pipeline/Pipeline->{closure:{closure:Illuminate/Pipeline/Pipeline::carry():158}:159}(Object(Illuminate/Http/Request))
#37 D:/wamp64/www/migrate/crude/vendor/laravel/framework/src/Illuminate/Pipeline/Pipeline.php(183): Illuminate/Foundation/Http/Middleware/VerifyCsrfToken->handle(Object(Illuminate/Http/Request), Object(Closure))
#38 D:/wamp64/www/migrate/crude/vendor/laravel/framework/src/Illuminate/View/Middleware/ShareErrorsFromSession.php(49): Illuminate/Pipeline/Pipeline->{closure:{closure:Illuminate/Pipeline/Pipeline::carry():158}:159}(Object(Illuminate/Http/Request))
#39 D:/wamp64/www/migrate/crude/vendor/laravel/framework/src/Illuminate/Pipeline/Pipeline.php(183): Illuminate/View/Middleware/ShareErrorsFromSession->handle(Object(Illuminate/Http/Request), Object(Closure))
#40 D:/wamp64/www/migrate/crude/vendor/laravel/framework/src/Illuminate/Session/Middleware/StartSession.php(121): Illuminate/Pipeline/Pipeline->{closure:{closure:Illuminate/Pipeline/Pipeline::carry():158}:159}(Object(Illuminate/Http/Request))
#41 D:/wamp64/www/migrate/crude/vendor/laravel/framework/src/Illuminate/Session/Middleware/StartSession.php(64): Illuminate/Session/Middleware/StartSession->handleStatefulRequest(Object(Illuminate/Http/Request), Object(Illuminate/Session/Store), Object(Closure))
#42 D:/wamp64/www/migrate/crude/vendor/laravel/framework/src/Illuminate/Pipeline/Pipeline.php(183): Illuminate/Session/Middleware/StartSession->handle(Object(Illuminate/Http/Request), Object(Closure))
#43 D:/wamp64/www/migrate/crude/vendor/laravel/framework/src/Illuminate/Cookie/Middleware/AddQueuedCookiesToResponse.php(37): Illuminate/Pipeline/Pipeline->{closure:{closure:Illuminate/Pipeline/Pipeline::carry():158}:159}(Object(Illuminate/Http/Request))
#44 D:/wamp64/www/migrate/crude/vendor/laravel/framework/src/Illuminate/Pipeline/Pipeline.php(183): Illuminate/Cookie/Middleware/AddQueuedCookiesToResponse->handle(Object(Illuminate/Http/Request), Object(Closure))
#45 D:/wamp64/www/migrate/crude/vendor/laravel/framework/src/Illuminate/Cookie/Middleware/EncryptCookies.php(67): Illuminate/Pipeline/Pipeline->{closure:{closure:Illuminate/Pipeline/Pipeline::carry():158}:159}(Object(Illuminate/Http/Request))
#46 D:/wamp64/www/migrate/crude/vendor/laravel/framework/src/Illuminate/Pipeline/Pipeline.php(183): Illuminate/Cookie/Middleware/EncryptCookies->handle(Object(Illuminate/Http/Request), Object(Closure))
#47 D:/wamp64/www/migrate/crude/vendor/laravel/framework/src/Illuminate/Pipeline/Pipeline.php(119): Illuminate/Pipeline/Pipeline->{closure:{closure:Illuminate/Pipeline/Pipeline::carry():158}:159}(Object(Illuminate/Http/Request))
#48 D:/wamp64/www/migrate/crude/vendor/laravel/framework/src/Illuminate/Routing/Router.php(805): Illuminate/Pipeline/Pipeline->then(Object(Closure))
#49 D:/wamp64/www/migrate/crude/vendor/laravel/framework/src/Illuminate/Routing/Router.php(784): Illuminate/Routing/Router->runRouteWithinStack(Object(Illuminate/Routing/Route), Object(Illuminate/Http/Request))
#50 D:/wamp64/www/migrate/crude/vendor/laravel/framework/src/Illuminate/Routing/Router.php(748): Illuminate/Routing/Router->runRoute(Object(Illuminate/Http/Request), Object(Illuminate/Routing/Route))
#51 D:/wamp64/www/migrate/crude/vendor/laravel/framework/src/Illuminate/Routing/Router.php(737): Illuminate/Routing/Router->dispatchToRoute(Object(Illuminate/Http/Request))
#52 D:/wamp64/www/migrate/crude/vendor/laravel/framework/src/Illuminate/Foundation/Http/Kernel.php(200): Illuminate/Routing/Router->dispatch(Object(Illuminate/Http/Request))
#53 D:/wamp64/www/migrate/crude/vendor/laravel/framework/src/Illuminate/Pipeline/Pipeline.php(144): Illuminate/Foundation/Http/Kernel->{closure:Illuminate/Foundation/Http/Kernel::dispatchToRouter():197}(Object(Illuminate/Http/Request))
#54 D:/wamp64/www/migrate/crude/vendor/laravel/framework/src/Illuminate/Foundation/Http/Middleware/TransformsRequest.php(21): Illuminate/Pipeline/Pipeline->{closure:Illuminate/Pipeline/Pipeline::prepareDestination():142}(Object(Illuminate/Http/Request))
#55 D:/wamp64/www/migrate/crude/vendor/laravel/framework/src/Illuminate/Foundation/Http/Middleware/ConvertEmptyStringsToNull.php(31): Illuminate/Foundation/Http/Middleware/TransformsRequest->handle(Object(Illuminate/Http/Request), Object(Closure))
#56 D:/wamp64/www/migrate/crude/vendor/laravel/framework/src/Illuminate/Pipeline/Pipeline.php(183): Illuminate/Foundation/Http/Middleware/ConvertEmptyStringsToNull->handle(Object(Illuminate/Http/Request), Object(Closure))
#57 D:/wamp64/www/migrate/crude/vendor/laravel/framework/src/Illuminate/Foundation/Http/Middleware/TransformsRequest.php(21): Illuminate/Pipeline/Pipeline->{closure:{closure:Illuminate/Pipeline/Pipeline::carry():158}:159}(Object(Illuminate/Http/Request))
#58 D:/wamp64/www/migrate/crude/vendor/laravel/framework/src/Illuminate/Foundation/Http/Middleware/TrimStrings.php(40): Illuminate/Foundation/Http/Middleware/TransformsRequest->handle(Object(Illuminate/Http/Request), Object(Closure))
#59 D:/wamp64/www/migrate/crude/vendor/laravel/framework/src/Illuminate/Pipeline/Pipeline.php(183): Illuminate/Foundation/Http/Middleware/TrimStrings->handle(Object(Illuminate/Http/Request), Object(Closure))
#60 D:/wamp64/www/migrate/crude/vendor/laravel/framework/src/Illuminate/Foundation/Http/Middleware/ValidatePostSize.php(27): Illuminate/Pipeline/Pipeline->{closure:{closure:Illuminate/Pipeline/Pipeline::carry():158}:159}(Object(Illuminate/Http/Request))
#61 D:/wamp64/www/migrate/crude/vendor/laravel/framework/src/Illuminate/Pipeline/Pipeline.php(183): Illuminate/Foundation/Http/Middleware/ValidatePostSize->handle(Object(Illuminate/Http/Request), Object(Closure))
#62 D:/wamp64/www/migrate/crude/vendor/laravel/framework/src/Illuminate/Foundation/Http/Middleware/PreventRequestsDuringMaintenance.php(99): Illuminate/Pipeline/Pipeline->{closure:{closure:Illuminate/Pipeline/Pipeline::carry():158}:159}(Object(Illuminate/Http/Request))
#63 D:/wamp64/www/migrate/crude/vendor/laravel/framework/src/Illuminate/Pipeline/Pipeline.php(183): Illuminate/Foundation/Http/Middleware/PreventRequestsDuringMaintenance->handle(Object(Illuminate/Http/Request), Object(Closure))
#64 D:/wamp64/www/migrate/crude/vendor/laravel/framework/src/Illuminate/Http/Middleware/HandleCors.php(49): Illuminate/Pipeline/Pipeline->{closure:{closure:Illuminate/Pipeline/Pipeline::carry():158}:159}(Object(Illuminate/Http/Request))
#65 D:/wamp64/www/migrate/crude/vendor/laravel/framework/src/Illuminate/Pipeline/Pipeline.php(183): Illuminate/Http/Middleware/HandleCors->handle(Object(Illuminate/Http/Request), Object(Closure))
#66 D:/wamp64/www/migrate/crude/vendor/laravel/framework/src/Illuminate/Http/Middleware/TrustProxies.php(39): Illuminate/Pipeline/Pipeline->{closure:{closure:Illuminate/Pipeline/Pipeline::carry():158}:159}(Object(Illuminate/Http/Request))
#67 D:/wamp64/www/migrate/crude/vendor/laravel/framework/src/Illuminate/Pipeline/Pipeline.php(183): Illuminate/Http/Middleware/TrustProxies->handle(Object(Illuminate/Http/Request), Object(Closure))
#68 D:/wamp64/www/migrate/crude/vendor/laravel/framework/src/Illuminate/Pipeline/Pipeline.php(119): Illuminate/Pipeline/Pipeline->{closure:{closure:Illuminate/Pipeline/Pipeline::carry():158}:159}(Object(Illuminate/Http/Request))
#69 D:/wamp64/www/migrate/crude/vendor/laravel/framework/src/Illuminate/Foundation/Http/Kernel.php(175): Illuminate/Pipeline/Pipeline->then(Object(Closure))
#70 D:/wamp64/www/migrate/crude/vendor/laravel/framework/src/Illuminate/Foundation/Http/Kernel.php(144): Illuminate/Foundation/Http/Kernel->sendRequestThroughRouter(Object(Illuminate/Http/Request))
#71 D:/wamp64/www/migrate/crude/public/index.php(51): Illuminate/Foundation/Http/Kernel->handle(Object(Illuminate/Http/Request))
#72 D:/wamp64/www/migrate/crude/vendor/laravel/framework/src/Illuminate/Foundation/resources/server.php(16): require_once('D://wamp64//www//m...')
#73 {main}
"} 
